Date,Time,Temp [°C],Temp [°F],Temp [°K],pH [Units],ORP [mV],SpCond [mS/cm],SpCond [µS/cm],Res [kO-cm],Sal [ppt],TDS [g/l],pHVolts [mV],LDO% [Sat],LDO [mg/l],BP [mmHg],CHL [µg/l],CHLV [Volts],PCY [cell/mL],PCYV [Volts],IBatt [Volts],EBatt [Volts],IBatt [%Left],EBatt [%Left],Circ [Status],Date / Time,lake,depth,
6/13/2024,13:15:20,20.51,68.9,293.7,8.03,-818,0.9,880,1,0.46,0.6,-32,99.7,8.86,752,0,0.009,0,0.0034,7,0,7,0,1,6/13/2024 13:15:20,,,
6/13/2024,13:15:50,20.55,69,293.7,8.01,-762,0.9,879,1,0.46,0.6,-31,99.6,8.84,752,0,0.009,0,0.0033,7,0,8,0,1,6/13/2024 13:15:50,,,
6/13/2024,13:16:20,21.36,70.4,294.5,8.24,-721,0.9,869,1,0.45,0.6,-43.7,97.7,8.54,752,0.61,0.0134,0,0.0034,7,0,7,0,1,6/13/2024 13:16:20,,,
6/13/2024,13:16:50,21.28,70.3,294.4,8.17,-676,0.9,872,1,0.45,0.6,-40.1,97.7,8.54,752,0.26,0.0128,0,0.0034,7,0,7,0,1,6/13/2024 13:16:50,,,
6/13/2024,13:17:20,21.3,70.3,294.5,8.21,-635,0.9,874,1,0.46,0.6,-42.1,98.3,8.59,752,0,0.0055,0,0.0033,7,0,8,0,1,6/13/2024 13:17:20,,,
6/13/2024,13:17:50,21.28,70.3,294.4,8.21,-597,0.9,874,1,0.46,0.6,-41.9,98.3,8.6,752,0,0.0053,0,0.0034,7,0,8,0,1,6/13/2024 13:17:50,,,
6/13/2024,13:18:20,21.25,70.3,294.4,8.2,-562,0.9,875,1,0.46,0.6,-41.8,98.3,8.6,752,0,0.0055,0,0.0034,7,0,7,0,1,6/13/2024 13:18:20,,,
6/13/2024,13:18:50,21.31,70.4,294.5,8.07,-530,0.9,879,1,0.46,0.6,-34.3,98.2,8.59,752,0.4,0.014,6,0.0034,7,0,7,0,1,6/13/2024 13:18:50,,,
6/13/2024,13:19:20,21.3,70.3,294.5,8.2,-500,0.9,878,1,0.46,0.6,-41.5,98.4,8.61,752,0.86,0.0154,5,0.0034,7,0,7,0,1,6/13/2024 13:19:20,,,
6/13/2024,13:19:50,21.29,70.3,294.5,8.18,-473,0.9,880,1,0.46,0.6,-40.4,98.8,8.64,752,1.23,0.0193,0,0.0034,7,0,6,0,1,6/13/2024 13:19:50,,,
6/13/2024,13:20:20,21.3,70.3,294.5,8.04,-448,0.9,882,1,0.46,0.6,-32.7,98.7,8.63,752,0.42,0.0154,3,0.0034,6.9,0,7,0,1,6/13/2024 13:20:20,,,
6/13/2024,13:20:50,21.31,70.3,294.5,8.22,-425,0.9,883,1,0.46,0.6,-42.6,99.2,8.67,752,0,0.0067,3,0.0034,7,0,7,0,1,6/13/2024 13:20:50,,,
6/13/2024,13:21:20,21.34,70.4,294.5,8.2,-404,0.9,887,1,0.46,0.6,-41.6,99.3,8.67,752,0,0.0066,0,0.0034,7,0,6,0,1,6/13/2024 13:21:20,,,
6/13/2024,13:21:50,21.33,70.4,294.5,8.19,-385,0.9,887,1,0.46,0.6,-41.3,99,8.65,752,0,0.0066,0,0.0033,7,0,7,0,1,6/13/2024 13:21:50,,,
6/13/2024,13:22:20,21.33,70.4,294.5,8.19,-366,0.9,887,1,0.46,0.6,-41.2,98.7,8.62,752,0,0.0066,0,0.0034,7,0,7,0,1,6/13/2024 13:22:20,,,
6/13/2024,13:22:50,21.33,70.4,294.5,8.2,-349,0.9,887,1,0.46,0.6,-41.7,99.1,8.66,752,0,0.0066,0,0.0033,7,0,7,0,1,6/13/2024 13:22:50,,,
6/13/2024,13:23:20,21.33,70.4,294.5,8.18,-333,0.9,887,1,0.46,0.6,-40.7,99,8.65,752,0,0.0065,0,0.0034,6.9,0,7,0,1,6/13/2024 13:23:20,,,
6/13/2024,13:23:50,21.33,70.4,294.5,8.19,-319,0.9,888,1,0.46,0.6,-41.1,98.9,8.64,752,0,0.0065,0,0.0034,7,0,7,0,1,6/13/2024 13:23:50,,,
6/13/2024,13:24:20,21.35,70.4,294.5,8.19,-305,0.9,886,1,0.46,0.6,-41.2,99,8.65,752,0,0.0063,0,0.0033,6.9,0,7,0,1,6/13/2024 13:24:20,,,
6/13/2024,13:24:50,21.37,70.5,294.5,8.19,-293,0.9,891,1,0.46,0.6,-41.1,99.2,8.66,752,0,0.0064,0,0.0034,6.9,0,7,0,1,6/13/2024 13:24:50,,,
6/13/2024,13:25:20,21.38,70.5,294.5,8.19,-281,0.9,890,1,0.46,0.6,-41.1,99.1,8.65,752,0,0.0065,0,0.0034,7,0,7,0,1,6/13/2024 13:25:20,,,
6/13/2024,13:25:50,21.39,70.5,294.5,8.19,-270,0.9,889,1,0.46,0.6,-41.2,99.2,8.66,752,0,0.0063,0,0.0033,7,0,7,0,1,6/13/2024 13:25:50,,,
6/13/2024,13:26:20,21.39,70.5,294.5,8.19,-259,0.9,890,1,0.46,0.6,-41.1,99.4,8.68,752,0,0.0064,0,0.0034,6.9,0,7,0,1,6/13/2024 13:26:20,,,
6/13/2024,13:26:50,21.39,70.5,294.6,8.19,-249,0.9,889,1,0.46,0.6,-41.2,100,8.73,752,0,0.0064,0,0.0034,6.9,0,6,0,1,6/13/2024 13:26:50,,,
6/13/2024,13:27:20,21.4,70.5,294.6,8.19,-240,0.9,890,1,0.46,0.6,-41.2,99.7,8.7,752,0,0.0062,0,0.0034,6.9,0,6,0,1,6/13/2024 13:27:20,,,
6/13/2024,13:27:50,21.38,70.5,294.5,8.19,-232,0.9,892,1,0.46,0.6,-41.2,100.7,8.79,752,0,0.0061,0,0.0034,6.9,0,6,0,1,6/13/2024 13:27:50,,,
6/13/2024,13:28:20,21.37,70.5,294.5,8.19,-224,0.9,892,1,0.46,0.6,-41.2,99.7,8.71,752,0,0.006,0,0.0033,6.9,0,6,0,1,6/13/2024 13:28:20,,,
6/13/2024,13:28:50,21.4,70.5,294.6,8.19,-216,0.9,890,1,0.46,0.6,-41.1,99.6,8.69,752,0,0.0061,0,0.0034,6.9,0,7,0,1,6/13/2024 13:28:50,,,
6/13/2024,13:29:20,21.4,70.5,294.6,8.19,-209,0.9,890,1,0.46,0.6,-41.1,99.8,8.71,752,0,0.0062,0,0.0034,6.9,0,6,0,1,6/13/2024 13:29:20,,,
6/13/2024,13:29:50,21.4,70.5,294.6,8.19,-203,0.9,890,1,0.46,0.6,-41.2,100.3,8.75,752,0,0.0061,0,0.0033,6.9,0,6,0,1,6/13/2024 13:29:50,,,
6/13/2024,13:30:20,21.36,70.4,294.5,8.19,-196,0.9,892,1,0.46,0.6,-41.3,100.2,8.75,752,0,0.0063,0,0.0034,6.9,0,7,0,1,6/13/2024 13:30:20,,,
6/13/2024,13:30:50,21.4,70.5,294.6,8.19,-190,0.9,890,1,0.46,0.6,-41.3,99.8,8.71,752,0,0.0065,0,0.0034,6.9,0,6,0,1,6/13/2024 13:30:50,,,
6/13/2024,13:31:20,21.4,70.5,294.6,8.19,-185,0.9,890,1,0.46,0.6,-41.2,99.6,8.69,752,0,0.0065,0,0.0034,6.9,0,6,0,1,6/13/2024 13:31:20,,,
6/13/2024,13:31:50,21.45,70.6,294.6,8.19,-180,0.9,890,1,0.46,0.6,-41.2,99.5,8.68,752,0,0.0066,0,0.0034,6.9,0,6,0,1,6/13/2024 13:31:50,,,
6/13/2024,13:32:20,21.49,70.7,294.6,8.19,-175,0.9,891,1,0.46,0.6,-41.2,99.5,8.67,752,0,0.0067,0,0.0034,6.9,0,6,0,1,6/13/2024 13:32:20,,,
6/13/2024,13:32:50,21.5,70.7,294.7,8.19,-170,0.9,890,1,0.46,0.6,-41.2,99.9,8.7,752,0,0.0066,0,0.0033,6.9,0,6,0,1,6/13/2024 13:32:50,,,
6/13/2024,13:33:20,21.51,70.7,294.7,8.19,-166,0.9,891,1,0.46,0.6,-41.2,100,8.71,752,0,0.0067,0,0.0033,6.8,0,6,0,1,6/13/2024 13:33:20,,,
6/13/2024,13:33:50,21.51,70.7,294.7,8.17,-161,0.9,891,1,0.46,0.6,-39.8,99.7,8.68,752,0,0.0067,0,0.0034,6.9,0,6,0,1,6/13/2024 13:33:50,,,
6/13/2024,13:34:20,21.5,70.7,294.7,8.19,-157,0.9,891,1,0.46,0.6,-41,99.6,8.67,752,0,0.0067,0,0.0034,6.9,0,6,0,1,6/13/2024 13:34:20,,,
6/13/2024,13:34:50,21.6,70.9,294.8,8.18,-154,0.9,891,1,0.46,0.6,-40.6,99.5,8.65,752,0,0.0067,18,0.0035,6.8,0,6,0,1,6/13/2024 13:34:50,,,
6/13/2024,13:35:20,21.57,70.8,294.7,8.19,-150,0.9,891,1,0.46,0.6,-41.1,99.8,8.68,752,0,0.0068,2,0.0034,6.8,0,5,0,1,6/13/2024 13:35:20,,,
6/13/2024,13:35:50,21.57,70.8,294.7,8.19,-147,0.9,891,1,0.46,0.6,-41.2,100.1,8.7,752,0,0.0089,0,0.0034,6.9,0,5,0,1,6/13/2024 13:35:50,,,
6/13/2024,13:36:20,21.56,70.8,294.7,8.19,-144,0.9,891,1,0.46,0.6,-41.1,99.9,8.69,752,0,0.0092,0,0.0034,6.8,0,5,0,1,6/13/2024 13:36:20,,,
6/13/2024,13:36:50,21.56,70.8,294.7,8.19,-140,0.9,891,1,0.46,0.6,-41.1,99.5,8.66,752,0,0.0092,0,0.0034,6.9,0,6,0,1,6/13/2024 13:36:50,,,
6/13/2024,13:37:20,21.63,70.9,294.8,8.2,-138,0.9,892,1,0.46,0.6,-41.6,99.6,8.65,752,0,0.0081,0,0.0032,6.8,0,5,0,1,6/13/2024 13:37:20,,,
6/13/2024,13:37:50,21.62,70.9,294.8,8.18,-134,0.9,893,1,0.47,0.6,-40.6,100,8.69,752,0,0.0104,0,0.0033,6.9,0,6,0,1,6/13/2024 13:37:50,,,
6/13/2024,13:38:20,21.63,70.9,294.8,8.21,-132,0.9,892,1,0.46,0.6,-42.3,99.9,8.68,752,0,0.0099,0,0.0034,6.8,0,6,0,1,6/13/2024 13:38:20,,,
6/13/2024,13:38:50,21.63,70.9,294.8,8.23,-130,0.9,892,1,0.46,0.6,-43.6,99.9,8.68,752,0,0.0104,0,0.0034,6.8,0,6,0,1,6/13/2024 13:38:50,,,
6/13/2024,13:39:20,21.64,70.9,294.8,8.29,-127,0.9,892,1,0.46,0.6,-46.6,100.1,8.69,752,0,0.0103,0,0.0033,6.8,0,5,0,1,6/13/2024 13:39:20,,,
6/13/2024,13:39:50,21.65,71,294.8,8.25,-125,0.9,892,1,0.46,0.6,-44.3,100.1,8.69,752,0,0.0099,0,0.0034,6.8,0,5,0,1,6/13/2024 13:39:50,,,
6/13/2024,13:40:20,21.65,71,294.8,8.19,-123,0.9,892,1,0.46,0.6,-41.1,100.4,8.72,752,0,0.0096,0,0.0034,6.8,0,5,0,1,6/13/2024 13:40:20,,,
6/13/2024,13:40:50,21.65,71,294.8,8.25,-121,0.9,892,1,0.46,0.6,-44.6,100.5,8.73,752,0,0.0097,0,0.0034,6.8,0,5,0,1,6/13/2024 13:40:50,,,
6/13/2024,13:41:20,21.65,71,294.8,8.26,-119,0.9,892,1,0.46,0.6,-44.8,100.3,8.71,752,0,0.0096,0,0.0034,6.8,0,5,0,1,6/13/2024 13:41:20,,,
6/13/2024,13:41:50,21.65,71,294.8,8.25,-117,0.9,893,1,0.47,0.6,-44.5,100.4,8.72,752,0,0.0098,0,0.0034,6.8,0,5,0,1,6/13/2024 13:41:50,,,
6/13/2024,13:42:20,21.67,71,294.8,8.25,-116,0.9,893,1,0.47,0.6,-44.7,100.5,8.72,752,0,0.0099,0,0.0034,6.8,0,5,0,1,6/13/2024 13:42:20,,,
6/13/2024,13:42:50,21.71,71.1,294.9,8.39,-114,0.9,893,1,0.47,0.6,-52.1,101,8.76,752,0,0.0097,0,0.0034,6.9,0,5,0,1,6/13/2024 13:42:50,,,
6/13/2024,13:43:20,21.75,71.1,294.9,8.3,-113,0.9,893,1,0.47,0.6,-47.2,100.1,8.68,752,0,0.01,0,0.0034,6.7,0,5,0,1,6/13/2024 13:43:20,,,
6/13/2024,13:43:50,21.72,71.1,294.9,8.4,-112,0.9,895,1,0.47,0.6,-52.6,100.5,8.71,752,0,0.0103,0,0.0034,6.8,0,5,0,1,6/13/2024 13:43:50,,,
6/13/2024,13:44:20,21.73,71.1,294.9,8.98,-110,0.9,896,1,0.47,0.6,-85.3,100.7,8.73,752,0,0.0101,0,0.0033,6.7,0,5,0,1,6/13/2024 13:44:20,,,
6/13/2024,13:44:50,21.73,71.1,294.9,11.05,-109,0.9,898,1,0.47,0.6,-201.3,101.5,8.81,752,0,0.01,0,0.0033,6.7,0,5,0,1,6/13/2024 13:44:50,,,
6/13/2024,13:45:20,21.74,71.1,294.9,13.62,-109,0.9,898,1,0.47,0.6,-346,102.3,8.87,752,0,0.0094,0,0.0033,6.8,0,5,0,1,6/13/2024 13:45:20,,,
6/13/2024,13:45:50,21.75,71.2,294.9,14,-109,0.9,898,1,0.47,0.6,-501.4,102.8,8.91,752,0,0.0095,0,0.0033,6.8,0,5,0,1,6/13/2024 13:45:50,,,
6/13/2024,13:46:20,21.77,71.2,294.9,14,-107,0.9,898,1,0.47,0.6,-630.8,102.8,8.9,752,0,0.0094,0,0.0033,6.7,0,5,0,1,6/13/2024 13:46:20,,,
6/13/2024,13:46:50,22.18,71.9,295.3,8.23,-106,0.9,900,1,0.47,0.6,-43.6,102.9,8.85,752,0,0.0098,0,0.0034,6.7,0,5,0,1,6/13/2024 13:46:50,,,
6/13/2024,13:47:20,20.52,68.9,293.7,14,-1000,0,0,2818,-0.02,0,-2500,102.8,9.16,752,0,0.0081,0,0.0021,6.7,0,3,0,1,6/13/2024 13:47:20,,,
6/13/2024,13:47:50,19.12,66.4,292.3,14,198,0,0,4249,-0.02,0,-1542.7,101.9,9.33,752,0,0.0071,255,0.0039,6.7,0,5,0,1,6/13/2024 13:47:50,,,
6/13/2024,13:48:20,20.73,69.3,293.9,8.58,-141,0,11,95,-0.01,0,-62.9,101.7,9.01,752,0,0.0105,1141,0.0089,6.7,0,3,0,1,6/13/2024 13:48:20,,,
6/13/2024,13:48:50,20.9,69.6,294.1,8.13,-121,0,10,96,-0.01,0,-37.3,102.6,9.06,752,0.1,0.0116,131,0.0035,6.4,0,0,0,1,6/13/2024 13:48:50,,,
6/13/2024,13:49:20,20.92,69.7,294.1,7.96,-112,0,10,96,-0.01,0,-28,102.1,9.02,752,0.1,0.0114,0,0.003,6.5,0,1,0,1,6/13/2024 13:49:20,L,0,
6/13/2024,13:49:50,20.75,69.3,293.9,7.86,-104,0,10,96,-0.01,0,-22.2,101.9,9.03,752,0.19,0.0124,94,0.0036,6.5,0,0,0,1,6/13/2024 13:49:50,L,0.25,
6/13/2024,13:50:20,20.58,69,293.7,7.76,-95,0,10,96,-0.01,0,-17.9,101.8,9.06,752,0.25,0.0129,82,0.0036,6.4,0,1,0,1,6/13/2024 13:50:20,L,0.5,
6/13/2024,13:50:50,20.48,68.9,293.6,7.68,-89,0,10,97,-0.01,0,-12.6,101.8,9.07,752,0.17,0.0122,0,0.0032,6.7,0,3,0,1,6/13/2024 13:50:50,L,0.75,
6/13/2024,13:51:20,19.6,67.3,292.8,7.61,-82,0,10,95,-0.01,0,-8.5,100.5,9.11,752,0.35,0.0138,86,0.0036,6.5,0,0,0,1,6/13/2024 13:51:20,L,1,
6/13/2024,13:51:50,19.04,66.3,292.2,7.56,-76,0,10,96,-0.01,0,-5.6,101,9.26,752,0.45,0.0147,69,0.0036,6.5,0,1,0,1,6/13/2024 13:51:50,L,1.25,
6/13/2024,13:52:20,18.7,65.7,291.9,7.52,-70,0,10,96,-0.01,0,-3.3,100.7,9.3,752,0.42,0.0146,133,0.0037,6.5,0,1,0,1,6/13/2024 13:52:20,L,1.5,
6/13/2024,13:52:50,18.45,65.2,291.6,7.48,-66,0,10,96,-0.01,0,-1.1,100.2,9.29,752,0.43,0.0145,96,0.0036,6.4,0,1,0,1,6/13/2024 13:52:50,L,1.75,
6/13/2024,13:53:20,18.3,64.9,291.5,7.46,-62,0,10,96,-0.01,0,0.2,99.8,9.29,752,0.55,0.0157,89,0.0036,6.5,0,1,0,1,6/13/2024 13:53:20,L,2,
6/13/2024,13:53:50,18.09,64.6,291.2,7.41,-58,0,10,97,-0.01,0,2.8,99.1,9.27,752,0.61,0.0162,100,0.0036,6.5,0,1,0,1,6/13/2024 13:53:50,L,2.25,
6/13/2024,13:54:20,17.97,64.4,291.1,7.36,-55,0,10,96,-0.01,0,5.6,98.5,9.23,752,0.77,0.0178,176,0.0039,6.5,0,0,0,1,6/13/2024 13:54:20,L,2.5,
6/13/2024,13:54:50,17.66,63.8,290.8,7.32,-51,0,11,95,-0.01,0,7.7,98,9.24,752,0.99,0.0199,133,0.0037,6.4,0,0,0,1,6/13/2024 13:54:50,L,2.75,
6/13/2024,13:55:20,16.54,61.8,289.7,7.31,-47,0,11,95,-0.01,0,8.3,116.3,11.22,752,0.86,0.0189,193,0.0038,6.5,0,0,0,1,6/13/2024 13:55:20,L,3,
6/13/2024,13:55:50,15.49,59.9,288.6,7.36,-44,0,11,94,-0.01,0,5.8,126,12.44,752,0.93,0.0191,170,0.0038,6.4,0,0,0,1,6/13/2024 13:55:50,L,3.25,
6/13/2024,13:56:20,14.57,58.2,287.7,7.4,-42,0,11,94,-0.01,0,3.8,128.5,12.94,752,0.8,0.018,117,0.0037,6.4,0,1,0,1,6/13/2024 13:56:20,L,3.5,
6/13/2024,13:56:50,12.42,54.4,285.6,7.44,-37,0,11,93,-0.01,0,1.8,128.1,13.53,752,0.93,0.0195,151,0.0037,6.4,0,0,0,1,6/13/2024 13:56:50,L,3.75,
6/13/2024,13:57:20,11.24,52.2,284.4,7.46,-34,0,11,93,-0.01,0,0.8,127,13.78,752,1.31,0.0229,201,0.0038,6.3,0,0,0,1,6/13/2024 13:57:20,L,4,
6/13/2024,13:57:50,10.37,50.7,283.5,7.46,-31,0,11,92,-0.01,0,1,124.8,13.81,752,2000000,0.0389,273,0.0041,6.4,0,1,0,1,6/13/2024 13:57:50,L,4.25,
6/13/2024,13:58:20,9.92,49.9,283.1,7.49,-30,0,11,92,-0.01,0,-1,120.9,13.53,752,2.37,0.0329,94,0.0037,6.4,0,0,0,1,6/13/2024 13:58:20,L,4.5,
6/13/2024,13:58:50,9.21,48.6,282.4,7.46,-28,0,11,91,-0.01,0,0.7,118.5,13.48,752,2.97,0.0389,230,0.004,6.4,0,0,0,1,6/13/2024 13:58:50,L,4.75,
6/13/2024,13:59:20,8.76,47.8,281.9,7.46,-27,0,11,91,-0.01,0,0.9,114.6,13.18,752,5.21,0.0623,356,0.0042,6.3,0,0,0,1,6/13/2024 13:59:20,L,5,
6/13/2024,13:59:50,7.91,46.2,281.1,7.43,-24,0,11,90,-0.01,0,2.9,110.2,12.94,752,5.68,0.0651,295,0.0041,6.4,0,0,0,1,6/13/2024 13:59:50,L,5.25,
6/13/2024,14:00:20,7.29,45.1,280.4,7.31,-22,0,11,89,-0.01,0,9.2,96.5,11.51,752,10.03,0.1085,449,0.0045,6.3,0,0,0,1,6/13/2024 14:00:20,L,5.5,
6/13/2024,14:00:50,6.9,44.4,280.1,7.12,-19,0,12,87,-0.01,0,19.3,71.3,8.59,752,11.42,0.1193,513,0.0046,6.4,0,0,0,1,6/13/2024 14:00:50,L,5.75,
6/13/2024,14:01:20,6.43,43.6,279.6,6.91,-16,0,12,83,-0.01,0,30.4,40,4.88,752,15.84,0.163,649,0.0051,6.3,0,0,0,1,6/13/2024 14:01:20,L,6,
6/13/2024,14:01:50,6.2,43.2,279.4,6.76,-11,0,12,82,-0.01,0,38.6,22.2,2.72,752,32.64,0.3043,1348,0.0066,6.4,0,0,0,1,6/13/2024 14:01:50,L,6.25,
6/13/2024,14:02:20,5.89,42.6,279.1,6.65,-8,0,12,80,-0.01,0,44.3,5.5,0.67,752,14.32,0.1962,1024,0.0058,6.3,0,0,0,1,6/13/2024 14:02:20,L,6.5,
6/13/2024,14:02:50,5.76,42.4,278.9,6.6,-6,0,12,80,-0.01,0,46.9,3.4,0.42,752,45.63,0.4549,3286,0.0114,6.4,0,0,0,1,6/13/2024 14:02:50,L,6.75,
6/13/2024,14:03:20,5.72,42.3,278.9,6.56,-4,0,12,80,-0.01,0,48.8,2.7,0.34,752,58.57,0.5815,4273,0.0138,6.4,0,0,0,1,6/13/2024 14:03:20,L,7,
6/13/2024,14:03:50,5.65,42.2,278.8,6.52,-3,0,12,80,-0.01,0,51.3,1.3,0.16,752,60.34,0.5957,4211,0.0136,6.4,0,0,0,1,6/13/2024 14:03:50,L,7.5,
6/13/2024,14:04:20,5.4,41.7,278.6,6.52,-63,0,20,49,0,0,51,0.4,0.05,752,8.96,0.113,1316,0.0066,6.3,0,0,0,1,6/13/2024 14:04:20,L,8,
6/13/2024,14:04:50,7.79,46,280.9,6.7,-93,0,11,88,-0.01,0,41.5,21.4,2.52,752,16.94,0.1491,318,0.0046,6.3,0,0,0,1,6/13/2024 14:04:50,,,
6/13/2024,14:05:20,20.88,69.6,294,6.34,64,0,11,95,-0.01,0,62.6,100.5,8.88,752,0.12,0.0117,500,0.0044,6.3,0,0,0,1,6/13/2024 14:05:20,,,
6/13/2024,14:05:50,18.1,64.6,291.3,8.77,1000,0,0,0,-0.02,0,-72.3,98.4,9.2,752,0,0.0017,0,0.0019,6.4,0,0,0,1,6/13/2024 14:05:50,,,
6/13/2024,14:06:20,24.54,76.2,297.7,7.77,-178,0.9,895,1,0.47,0.6,-18.1,105.5,8.68,752,0,0.0077,47,0.0036,6.4,0,0,0,1,6/13/2024 14:06:20,,,
6/13/2024,14:06:50,24.33,75.8,297.5,7.94,-184,0.9,891,1,0.46,0.6,-27.6,105.6,8.72,752,0,0.0077,15,0.0034,6.3,0,0,0,1,6/13/2024 14:06:50,,,
6/13/2024,14:07:20,24.51,76.1,297.7,8.02,-175,0.9,886,1,0.46,0.6,-32.1,104.4,8.59,752,0,0.0086,17,0.0034,6.3,0,0,0,1,6/13/2024 14:07:20,,,
6/13/2024,14:07:50,24.52,76.1,297.7,8.07,-166,0.9,883,1,0.46,0.6,-34.9,103.9,8.55,752,0,0.0088,7,0.0034,6.3,0,0,0,1,6/13/2024 14:07:50,,,
6/13/2024,14:08:20,24.2,75.6,297.4,8.1,-157,0.9,886,1,0.46,0.6,-36.9,103.8,8.59,752,0,0.009,36,0.0035,6.2,0,0,0,1,6/13/2024 14:08:20,,,
6/13/2024,14:08:50,24.2,75.6,297.4,8.12,-149,0.9,886,1,0.46,0.6,-37.9,103.6,8.57,752,0,0.0088,35,0.0035,6.3,0,0,0,1,6/13/2024 14:08:50,,,
6/13/2024,14:09:20,24.21,75.6,297.4,8.14,-141,0.9,890,1,0.46,0.6,-38.7,103.4,8.55,752,0,0.0089,60,0.0036,6.3,0,0,0,1,6/13/2024 14:09:20,,,
6/13/2024,14:09:50,23.9,75,297.1,8.15,-135,0.9,893,1,0.47,0.6,-39.6,103.5,8.61,752,0,0.0089,44,0.0035,6.3,0,0,0,1,6/13/2024 14:09:50,,,
6/13/2024,14:10:20,24.03,75.3,297.2,8.16,-129,0.9,893,1,0.47,0.6,-40.2,103.6,8.6,752,0,0.0088,25,0.0035,6.2,0,0,0,1,6/13/2024 14:10:20,,,
6/13/2024,14:10:50,24.13,75.4,297.3,8.18,-123,0.9,891,1,0.46,0.6,-40.8,103,8.53,752,0,0.0088,454,0.0047,6.2,0,0,0,1,6/13/2024 14:10:50,,,
6/13/2024,14:11:20,23.92,75.1,297.1,8.18,-119,0.9,892,1,0.46,0.6,-41.2,103.6,8.62,752,0,0.0089,476,0.0046,6.1,0,0,0,1,6/13/2024 14:11:20,,,
6/13/2024,14:11:50,23.84,74.9,297,8.19,-114,0.9,895,1,0.47,0.6,-41.4,103.7,8.64,752,0,0.0089,192,0.0039,6.2,0,0,0,1,6/13/2024 14:11:50,,,
6/13/2024,14:12:20,23.86,74.9,297,8.19,-110,0.9,891,1,0.46,0.6,-41.5,103.6,8.63,752,0,0.009,756,0.005,6.2,0,0,0,1,6/13/2024 14:12:20,,,
6/13/2024,14:12:50,23.92,75.1,297.1,8.19,-107,0.9,893,1,0.47,0.6,-41.6,103,8.57,752,0,0.0091,89,0.0036,6.1,0,0,0,1,6/13/2024 14:12:50,,,
6/13/2024,14:13:20,23.84,74.9,297,8.19,-104,0.9,894,1,0.47,0.6,-41.7,103.2,8.6,752,0,0.009,33,0.0035,6,0,0,0,1,6/13/2024 14:13:20,,,
6/13/2024,14:13:50,23.94,75.1,297.1,8.2,-101,0.9,892,1,0.46,0.6,-42.4,103,8.57,752,0,0.009,0,0.0034,6.1,0,0,0,1,6/13/2024 14:13:50,,,
6/13/2024,14:14:20,23.95,75.1,297.1,8.21,-98,0.9,895,1,0.47,0.6,-42.6,102.8,8.55,752,0,0.0089,10,0.0034,6,0,0,0,1,6/13/2024 14:14:20,,,
6/13/2024,14:14:50,23.95,75.1,297.1,8.2,-96,0.9,894,1,0.47,0.6,-42.4,102.5,8.52,752,0,0.0089,0,0.0034,6.1,0,0,0,1,6/13/2024 14:14:50,,,
6/13/2024,14:15:20,24,75.2,297.2,8.2,-93,0.9,893,1,0.47,0.6,-42.3,102.7,8.53,752,0,0.0089,8,0.0034,6,0,0,0,1,6/13/2024 14:15:20,,,
6/13/2024,14:15:50,23.94,75.1,297.1,8.2,-91,0.9,894,1,0.47,0.6,-42.4,102.6,8.53,752,0,0.0089,10,0.0034,6,0,0,0,1,6/13/2024 14:15:50,,,
6/13/2024,14:16:20,23.93,75.1,297.1,8.2,-89,0.9,894,1,0.47,0.6,-42.4,102.6,8.53,752,0,0.0089,6,0.0034,6,0,0,0,1,6/13/2024 14:16:20,,,
6/13/2024,14:16:50,23.99,75.2,297.2,8.21,-88,0.9,895,1,0.47,0.6,-42.7,102.8,8.54,752,0,0.0089,14,0.0034,6,0,0,0,1,6/13/2024 14:16:50,,,
6/13/2024,14:17:20,24.06,75.3,297.2,8.21,-86,0.9,897,1,0.47,0.6,-43,101.3,8.4,752,0,0.0089,70,0.0036,5.9,0,0,0,1,6/13/2024 14:17:20,,,
6/13/2024,14:17:50,24.06,75.3,297.2,8.22,-85,0.9,898,1,0.47,0.6,-43.4,102.3,8.49,752,0,0.0072,0,0.0034,6,0,0,0,1,6/13/2024 14:17:50,,,
6/13/2024,14:18:20,24.09,75.4,297.2,8.21,-85,0.9,900,1,0.47,0.6,-42.9,103.9,8.62,752,0,0.0074,54,0.0036,5.9,0,0,0,1,6/13/2024 14:18:20,,,
6/13/2024,14:18:50,24.09,75.4,297.3,8.22,-84,0.9,900,1,0.47,0.6,-43.4,103.9,8.62,752,0,0.0077,50,0.0035,5.9,0,0,0,1,6/13/2024 14:18:50,,,
6/13/2024,14:19:20,24.12,75.4,297.3,8.26,-82,0.6,573,2,0.29,0.4,-45.6,103.5,8.58,752,0,0.0083,34,0.0035,5.8,0,0,0,1,6/13/2024 14:19:20,,,
6/13/2024,14:19:50,24.14,75.4,297.3,8.23,-81,0.9,901,1,0.47,0.6,-44.2,104,8.61,752,0,0.0063,0,0.0034,5.8,0,0,0,1,6/13/2024 14:19:50,,,
6/13/2024,14:20:20,24.12,75.4,297.3,8.24,-80,0.9,901,1,0.47,0.6,-44.3,103.7,8.59,752,0,0.0063,0,0.0034,5.8,0,0,0,1,6/13/2024 14:20:20,,,
6/13/2024,14:20:50,24.1,75.4,297.3,8.24,-80,0.9,901,1,0.47,0.6,-44.4,103.9,8.61,752,0,0.0063,0,0.0034,5.8,0,0,0,1,6/13/2024 14:20:50,,,
6/13/2024,14:21:20,24.08,75.3,297.2,8.23,-78,0.9,901,1,0.47,0.6,-44,103.9,8.62,752,0,0.0064,0,0.0034,5.7,0,0,0,1,6/13/2024 14:21:20,,,
6/13/2024,14:21:50,24.05,75.3,297.2,8.24,-78,0.9,903,1,0.47,0.6,-44.3,104.6,8.68,752,0,0.0064,0,0.0034,5.7,0,0,0,1,6/13/2024 14:21:50,,,
6/13/2024,14:22:20,24.09,75.4,297.2,8.24,-77,0.9,902,1,0.47,0.6,-44.3,104.8,8.69,752,0,0.0064,0,0.0034,5.7,0,0,0,1,6/13/2024 14:22:20,,,
6/13/2024,14:22:50,24.07,75.3,297.2,8.24,-76,0.9,902,1,0.47,0.6,-44.3,104.4,8.66,752,0,0.0064,0,0.0034,5.7,0,0,0,1,6/13/2024 14:22:50,,,
6/13/2024,14:23:20,24.04,75.3,297.2,8.24,-76,0.9,902,1,0.47,0.6,-44.3,104.9,8.7,752,0,0.0064,0,0.0034,5.6,0,0,0,1,6/13/2024 14:23:20,,,
6/13/2024,14:23:50,24.07,75.3,297.2,8.24,-75,0.9,901,1,0.47,0.6,-44.3,104.2,8.64,752,0,0.0065,0,0.0034,5.6,0,0,0,1,6/13/2024 14:23:50,,,
6/13/2024,14:24:20,24.01,75.2,297.2,8.23,-74,0.9,903,1,0.47,0.6,-43.9,103.4,8.58,752,0,0.0066,0,0.0034,5.8,0,0,0,1,6/13/2024 14:24:20,,,
6/13/2024,14:24:50,24.04,75.3,297.2,8.25,-50,0,5,218,-0.01,0,-44.9,103.3,8.6,752,0,0.0084,0,0.0034,5.3,0,0,0,1,6/13/2024 14:24:50,,,
6/13/2024,14:25:20,22.25,72,295.4,14,218,0,0,2795,-0.02,0,-911.2,105.7,9.1,752,0,0.0311,0,0.002,5.5,0,0,0,1,6/13/2024 14:25:20,,,
6/13/2024,14:25:50,20.49,68.9,293.7,14,-349,0,0,4227,-0.02,0,-626.2,108.2,9.64,752,0,0.0089,0,0.0019,5.4,0,0,0,1,6/13/2024 14:25:50,,,
6/13/2024,14:26:20,19.6,67.3,292.8,14,-1000,0,0,8484,-0.02,0,-1814.9,109.5,9.92,752,0,0.0017,0,0.0019,5.3,0,0,0,1,6/13/2024 14:26:20,,,
6/13/2024,14:26:50,19.93,67.9,293.1,14,-21,0,0,0,-0.02,0,-602.4,109,9.82,752,0,0.0017,0,0.0019,5.6,0,0,0,1,6/13/2024 14:26:50,,,
6/13/2024,14:27:20,20.06,68.1,293.2,14,-178,0,0,0,-0.02,0,-998.5,108.8,9.78,752,0,0.0017,0,0.0019,5.4,0,0,0,1,6/13/2024 14:27:20,,,
6/13/2024,14:27:50,20.01,68,293.2,14,-382,0,0,0,-0.02,0,-1060.5,108.9,9.79,752,0.28,0.0132,0,0.0019,5.5,0,0,0,1,6/13/2024 14:27:50,,,
6/13/2024,14:28:20,21.56,70.8,294.7,8.62,-67,0,13,79,-0.01,0,-65.5,106.7,9.31,752,1.54,0.0251,0,0.0019,5.4,0,0,0,1,6/13/2024 14:28:20,,,
6/13/2024,14:28:50,21.57,70.8,294.7,8.33,-64,0,13,79,-0.01,0,-48.9,106.7,9.3,752,1.77,0.0273,0,0.0019,5.4,0,0,0,1,6/13/2024 14:28:50,,,
6/13/2024,14:29:20,21.52,70.7,294.7,8.26,-63,0,13,79,-0.01,0,-45.2,106.7,9.32,752,1.55,0.0256,0,0.0021,5.3,0,0,0,1,6/13/2024 14:29:20,,,
6/13/2024,14:29:50,21.49,70.7,294.7,8.2,-61,0,13,79,-0.01,0,-41.5,106.8,9.33,752,1.98,0.0322,0,0.0022,5.3,0,0,0,1,6/13/2024 14:29:50,R,0,
6/13/2024,14:30:20,21.37,70.5,294.5,8.1,-58,0,13,79,-0.01,0,-35.8,107,9.37,752,1.87,0.037,2519,0.0019,5.4,0,0,0,1,6/13/2024 14:30:20,R,0.25,
6/13/2024,14:30:50,20.55,69,293.7,8,-54,0,13,79,-0.01,0,-30.1,108.1,9.62,752,1.61,0.0289,977,0.0019,5.4,0,0,0,1,6/13/2024 14:30:50,R,0.5,
6/13/2024,14:31:20,19.88,67.8,293,7.95,-52,0,12,81,-0.01,0,-27.2,109.1,9.83,752,1.54,0.0251,0,0.0019,5.4,0,0,0,1,6/13/2024 14:31:20,R,0.75,
6/13/2024,14:31:50,18.89,66,292,7.85,-48,0,12,81,-0.01,0,-21.7,110.5,10.16,752,1.76,0.0229,739,0.0065,5.4,0,0,0,1,6/13/2024 14:31:50,R,1,
6/13/2024,14:32:20,18.27,64.9,291.4,7.74,-44,0,12,80,-0.01,0,-15.3,111.4,10.38,752,2.04,0.023,0,0.0039,5.4,0,0,0,1,6/13/2024 14:32:20,R,1.25,
6/13/2024,14:32:50,18.07,64.5,291.2,7.66,-42,0,12,81,-0.01,0,-10.9,111.7,10.45,752,1.91,0.0287,471,0.0113,5.4,0,0,0,1,6/13/2024 14:32:50,R,1.5,
6/13/2024,14:33:20,17.76,64,290.9,7.54,-38,0,12,81,-0.01,0,-4.3,112.2,10.56,752,1.69,0.0235,1210,0.006,5.4,0,0,0,1,6/13/2024 14:33:20,R,1.75,
6/13/2024,14:33:50,17.37,63.3,290.5,7.46,-35,0,13,80,-0.01,0,0.2,112.8,10.7,752,1.48,0.0246,0,0.0051,5.4,0,0,0,1,6/13/2024 14:33:50,R,2,
6/13/2024,14:34:20,16.44,61.6,289.6,7.4,-33,0,13,78,-0.01,0,3.4,114.2,11.04,752,3.24,0.0405,593,0.0019,5.4,0,0,0,1,6/13/2024 14:34:20,R,2.25,
6/13/2024,14:34:50,14.58,58.2,287.7,7.34,-29,0,13,77,-0.01,0,7.2,117.1,11.78,752,2.82,0.0372,0,0.0034,5.4,0,0,0,1,6/13/2024 14:34:50,R,2.5,
6/13/2024,14:35:20,13.56,56.4,286.7,7.31,-26,0,13,77,-0.01,0,8.7,118.7,12.22,752,3.22,0.0411,278,0.0041,5.3,0,0,0,1,6/13/2024 14:35:20,R,2.75,
6/13/2024,14:35:50,11.04,51.9,284.2,7.29,-21,0,13,77,-0.01,0,10.1,122.8,13.38,752,1.89,0.0268,0,0.003,5.3,0,0,0,1,6/13/2024 14:35:50,R,3,
6/13/2024,14:36:20,9.76,49.6,282.9,7.29,-20,0,13,75,-0.01,0,9.9,124.8,14,752,1.35,0.0234,98,0.0035,5.2,0,0,0,1,6/13/2024 14:36:20,R,3.25,
6/13/2024,14:36:50,8.75,47.7,281.9,7.28,-16,0,13,77,-0.01,0,10.8,126.7,14.57,752,1.63,0.0257,141,0.0038,5.3,0,0,0,1,6/13/2024 14:36:50,R,3.5,
6/13/2024,14:37:20,7.98,46.4,281.1,7.3,-15,0,13,77,-0.01,0,9.8,128,15,752,2.93,0.0382,309,0.004,5.3,0,0,0,1,6/13/2024 14:37:20,R,3.75,
6/13/2024,14:37:50,7.29,45.1,280.5,7.33,-14,0,13,77,-0.01,0,7.9,129.2,15.41,752,3.48,0.044,270,0.0041,5.2,0,0,0,1,6/13/2024 14:37:50,R,4,
6/13/2024,14:38:20,6.65,44,279.8,7.47,-13,0,13,79,-0.01,0,0.8,130.3,15.79,752,45.03,0.4297,1795,0.0076,5.2,0,0,0,1,6/13/2024 14:38:20,R,4.25,
6/13/2024,14:38:50,6.2,43.2,279.4,7.44,-13,0,13,78,-0.01,0,2.4,131.1,16.07,752,17.68,0.1837,1325,0.0066,5.1,0,0,0,1,6/13/2024 14:38:50,R,4.5,
6/13/2024,14:39:20,5.73,42.3,278.9,7.31,-12,0,13,77,-0.01,0,9.4,132,16.37,752,14.05,0.145,1155,0.0062,5,0,0,0,1,6/13/2024 14:39:20,R,4.75,
6/13/2024,14:39:50,5.36,41.6,278.5,7.09,-10,0,13,76,-0.01,0,20.8,132.7,16.61,752,8.22,0.089,965,0.0057,5.1,0,0,0,1,6/13/2024 14:39:50,R,5,
6/13/2024,14:40:20,5.07,41.1,278.2,6.92,-8,0,14,73,-0.01,0,29.7,133.2,16.79,752,5.6,0.0651,773,0.0053,5.1,0,0,0,1,6/13/2024 14:40:20,R,5.25,
6/13/2024,14:40:50,4.77,40.6,277.9,6.7,-3,0,13,74,-0.01,0,41.7,133.7,16.99,752,13.57,0.1419,1378,0.0067,5,0,0,0,1,6/13/2024 14:40:50,R,5.5,
6/13/2024,14:41:20,4.73,40.5,277.9,6.6,1,0,13,75,-0.01,0,46.8,133.8,17.02,752,13.32,0.1409,1332,0.0068,5,0,0,0,1,6/13/2024 14:41:20,R,5.75,
6/13/2024,14:41:50,4.73,40.5,277.9,6.55,4,0,13,75,-0.01,0,49.6,133.8,17.02,752,13.18,0.137,1410,0.0068,5,0,0,0,1,6/13/2024 14:41:50,R,6,
6/13/2024,14:42:20,4.72,40.5,277.9,6.51,5,0,13,75,-0.01,0,51.7,133.8,17.03,752,13.09,0.1359,1440,0.0069,4.9,0,0,0,1,6/13/2024 14:42:20,R,6.25,
6/13/2024,14:42:50,4.7,40.5,277.9,6.48,6,0,13,75,-0.01,0,53.1,133.9,17.05,752,12.63,0.1285,1275,0.0064,4.9,0,0,0,1,6/13/2024 14:42:50,R,6.5,
6/13/2024,14:43:20,4.71,40.5,277.9,6.44,7,0,13,75,-0.01,0,55.2,133.8,17.03,752,10.37,0.1079,1197,0.0063,4.9,0,0,0,1,6/13/2024 14:43:20,R,6.75,
6/13/2024,14:43:50,4.69,40.4,277.9,6.42,6,0,13,74,-0.01,0,56.3,133.9,17.05,752,10.21,0.1089,1316,0.0065,4.9,0,0,0,1,6/13/2024 14:43:50,R,7,
6/13/2024,14:44:20,4.63,40.3,277.8,6.4,-11,0,16,62,-0.01,0,57.5,134,17.09,752,5.43,0.0604,693,0.005,4.9,0,0,0,1,6/13/2024 14:44:20,R,7.5,
6/13/2024,14:44:50,5.98,42.8,279.1,6.57,-39,0,14,73,-0.01,0,48.6,131.5,16.21,752,16.49,0.0595,1100,0.006,4.7,0,0,0,1,6/13/2024 14:44:50,R,8,
6/13/2024,14:45:20,19.35,66.8,292.5,6.83,1000,0,0,8492,-0.02,0,35.2,109.8,10.01,752,1.29,0.0235,0,0.0019,4.7,0,0,0,1,6/13/2024 14:45:20,,,
6/13/2024,14:45:50,17.8,64,291,7.93,1000,0,0,0,-0.02,0,-26,112.1,10.54,752,1.9,0.0314,0,0.0019,4.6,0,0,0,1,6/13/2024 14:45:50,,,
Power loss from 010170 000000 to 061324 144612,,,,,,,,,,,,,,,,,,,,,,,,,#VALUE!,,,
Late probe turn on at 061324 144612,,,,,,,,,,,,,,,,,,,,,,,,,#VALUE!,,,
6/13/2024,14:46:20,16.74,62.1,289.9,7.89,905,0,0,0,-0.02,0,-23.7,0,0,752,0,0.0153,0,-0.0091,5.3,0,0,0,1,6/13/2024 14:46:20,,,
6/13/2024,14:46:50,15.91,60.6,289.1,6.08,577,0,0,0,-0.02,0,76.3,0,0,752,2.03,0.0253,0,0.0033,4.9,0,0,0,1,6/13/2024 14:46:50,,,
6/13/2024,14:47:20,16.15,61.1,289.3,6.93,72,0,0,0,-0.02,0,29.8,0,0,752,0,0.0097,276,0.0032,4.6,0,0,0,1,6/13/2024 14:47:20,,,
6/13/2024,14:47:50,18,64.4,291.2,7.68,376,0,0,0,-0.02,0,-11.8,0,0,752,0,0.01,33,0.0035,4.7,0,0,0,1,6/13/2024 14:47:50,,,
6/13/2024,14:48:20,25.3,77.5,298.5,8.62,-71,0.3,300,3,0.15,0.2,-66.1,0,0,752,0,0.0098,43,0.0035,4.5,0,0,0,1,6/13/2024 14:48:20,,,
6/13/2024,14:48:50,24.93,76.9,298.1,8.89,-117,0.5,455,2,0.23,0.3,-81.3,0,0,752,0,0.0094,29,0.0035,4.6,0,0,0,1,6/13/2024 14:48:50,,,
6/13/2024,14:49:20,24.96,76.9,298.1,8.23,-18,0,1,1374,-0.02,0,-43.9,0,0,752,0,0.0094,28,0.0035,4.6,0,0,0,1,6/13/2024 14:49:20,,,
6/13/2024,14:49:50,24.97,76.9,298.1,8.59,99,0,0,8246,-0.02,0,-64.5,0,0,752,0,0.0094,0,0.0034,4.5,0,0,0,1,6/13/2024 14:49:50,,,
6/13/2024,14:50:20,25.07,77.1,298.2,8.27,105,0,0,0,-0.02,0,-46.4,0,0,752,0,0.0094,0,0.0034,4.5,0,0,0,1,6/13/2024 14:50:20,,,
6/13/2024,14:50:50,24.94,76.9,298.1,8.52,128,0,0,8247,-0.02,0,-60.5,0,0,752,0,0.0094,5,0.0034,4.4,0,0,0,1,6/13/2024 14:50:50,,,
6/13/2024,14:51:20,24.96,76.9,298.1,8.59,145,0,0,4123,-0.02,0,-64.4,0,0,752,0,0.0092,7,0.0034,4.3,0,0,0,1,6/13/2024 14:51:20,,,
,,,,,,,,,,,,,,,,,,,,,,,,,,,,
,,,,,,,,,,,,,,,,,,,,,,,,,,,,
,,,,,,,,,,,,,,,,,,,,,,,,,,,,
,,,,,,,,,,,,,,,,,,,,,,,,,,,,
,,,,,,,,,,,,,,,,,,,,,,,,,,,,
,,,,,,,,,,,,,,,,,,,,,,,,,,,,
,,,,,,,,,,,,,,,,,,,,,,,,,,,,
,,,,,,,,,,,,,,,,,,,,,,,,,,,,
,,,,,,,,,,,,,,,,,,,,,,,,,,,,
,,,,,,,,,,,,,,,,,,,,,,,,,,,,
,,,,,,,,,,,,,,,,,,,,,,,,,,,,
,,,,,,,,,,,,,,,,,,,,,,,,,,,,
,,,,,,,,,,,,,,,,,,,,,,,,,,,,
,,,,,,,,,,,,,,,,,,,,,,,,,,,,
,,,,,,,,,,,,,,,,,,,,,,,,,,,,
,,,,,,,,,,,,,,,,,,,,,,,,,,,,
,,,,,,,,,,,,,,,,,,,,,,,,,,,,
,,,,,,,,,,,,,,,,,,,,,,,,,,,,
,,,,,,,,,,,,,,,,,,,,,,,,,,,,
,,,,,,,,,,,,,,,,,,,,,,,,,,,,
,,,,,,,,,,,,,,,,,,,,,,,,,,,,
,,,,,,,,,,,,,,,,,,,,,,,,,,,,
,,,,,,,,,,,,,,,,,,,,,,,,,,,,
,,,,,,,,,,,,,,,,,,,,,,,,,,,,
,,,,,,,,,,,,,,,,,,,,,,,,,,,,
,,,,,,,,,,,,,,,,,,,,,,,,,,,,
,,,,,,,,,,,,,,,,,,,,,,,,,,,,
,,,,,,,,,,,,,,,,,,,,,,,,,,,,
,,,,,,,,,,,,,,,,,,,,,,,,,,,,
,,,,,,,,,,,,,,,,,,,,,,,,,,,,
,,,,,,,,,,,,,,,,,,,,,,,,,,,,
,,,,,,,,,,,,,,,,,,,,,,,,,,,,
,,,,,,,,,,,,,,,,,,,,,,,,,,,,
,,,,,,,,,,,,,,,,,,,,,,,,,,,,
,,,,,,,,,,,,,,,,,,,,,,,,,,,,
,,,,,,,,,,,,,,,,,,,,,,,,,,,,
,,,,,,,,,,,,,,,,,,,,,,,,,,,,
,,,,,,,,,,,,,,,,,,,,,,,,,,,,
,,,,,,,,,,,,,,,,,,,,,,,,,,,,
,,,,,,,,,,,,,,,,,,,,,,,,,,,,
,,,,,,,,,,,,,,,,,,,,,,,,,,,,
,,,,,,,,,,,,,,,,,,,,,,,,,,,,
,,,,,,,,,,,,,,,,,,,,,,,,,,,,
,,,,,,,,,,,,,,,,,,,,,,,,,,,,
,,,,,,,,,,,,,,,,,,,,,,,,,,,,
,,,,,,,,,,,,,,,,,,,,,,,,,,,,
,,,,,,,,,,,,,,,,,,,,,,,,,,,,
,,,,,,,,,,,,,,,,,,,,,,,,,,,,
,,,,,,,,,,,,,,,,,,,,,,,,,,,,
,,,,,,,,,,,,,,,,,,,,,,,,,,,,
,,,,,,,,,,,,,,,,,,,,,,,,,,,,
,,,,,,,,,,,,,,,,,,,,,,,,,,,,
,,,,,,,,,,,,,,,,,,,,,,,,,,,,
,,,,,,,,,,,,,,,,,,,,,,,,,,,,
,,,,,,,,,,,,,,,,,,,,,,,,,,,,
,,,,,,,,,,,,,,,,,,,,,,,,,,,,
,,,,,,,,,,,,,,,,,,,,,,,,,,,,
,,,,,,,,,,,,,,,,,,,,,,,,,,,,
,,,,,,,,,,,,,,,,,,,,,,,,,,,,
,,,,,,,,,,,,,,,,,,,,,,,,,,,,
,,,,,,,,,,,,,,,,,,,,,,,,,,,,
,,,,,,,,,,,,,,,,,,,,,,,,,,,,
,,,,,,,,,,,,,,,,,,,,,,,,,,,,
,,,,,,,,,,,,,,,,,,,,,,,,,,,,
,,,,,,,,,,,,,,,,,,,,,,,,,,,,
,,,,,,,,,,,,,,,,,,,,,,,,,,,,
,,,,,,,,,,,,,,,,,,,,,,,,,,,,
,,,,,,,,,,,,,,,,,,,,,,,,,,,,
,,,,,,,,,,,,,,,,,,,,,,,,,,,,
,,,,,,,,,,,,,,,,,,,,,,,,,,,,
,,,,,,,,,,,,,,,,,,,,,,,,,,,,
,,,,,,,,,,,,,,,,,,,,,,,,,,,,
,,,,,,,,,,,,,,,,,,,,,,,,,,,,
,,,,,,,,,,,,,,,,,,,,,,,,,,,,
,,,,,,,,,,,,,,,,,,,,,,,,,,,,
,,,,,,,,,,,,,,,,,,,,,,,,,,,,
,,,,,,,,,,,,,,,,,,,,,,,,,,,,
,,,,,,,,,,,,,,,,,,,,,,,,,,,,
,,,,,,,,,,,,,,,,,,,,,,,,,,,,
,,,,,,,,,,,,,,,,,,,,,,,,,,,,
,,,,,,,,,,,,,,,,,,,,,,,,,,,,
,,,,,,,,,,,,,,,,,,,,,,,,,,,,
,,,,,,,,,,,,,,,,,,,,,,,,,,,,
,,,,,,,,,,,,,,,,,,,,,,,,,,,,
,,,,,,,,,,,,,,,,,,,,,,,,,,,,
,,,,,,,,,,,,,,,,,,,,,,,,,,,,
,,,,,,,,,,,,,,,,,,,,,,,,,,,,
,,,,,,,,,,,,,,,,,,,,,,,,,,,,
,,,,,,,,,,,,,,,,,,,,,,,,,,,,
,,,,,,,,,,,,,,,,,,,,,,,,,,,,
,,,,,,,,,,,,,,,,,,,,,,,,,,,,
,,,,,,,,,,,,,,,,,,,,,,,,,,,,
,,,,,,,,,,,,,,,,,,,,,,,,,,,,
,,,,,,,,,,,,,,,,,,,,,,,,,,,,
,,,,,,,,,,,,,,,,,,,,,,,,,,,,
,,,,,,,,,,,,,,,,,,,,,,,,,,,,
,,,,,,,,,,,,,,,,,,,,,,,,,,,,
,,,,,,,,,,,,,,,,,,,,,,,,,,,,
,,,,,,,,,,,,,,,,,,,,,,,,,,,,
,,,,,,,,,,,,,,,,,,,,,,,,,,,,
,,,,,,,,,,,,,,,,,,,,,,,,,,,,
,,,,,,,,,,,,,,,,,,,,,,,,,,,,
,,,,,,,,,,,,,,,,,,,,,,,,,,,,
,,,,,,,,,,,,,,,,,,,,,,,,,,,,
,,,,,,,,,,,,,,,,,,,,,,,,,,,,
,,,,,,,,,,,,,,,,,,,,,,,,,,,,
,,,,,,,,,,,,,,,,,,,,,,,,,,,,
,,,,,,,,,,,,,,,,,,,,,,,,,,,,
,,,,,,,,,,,,,,,,,,,,,,,,,,,,
,,,,,,,,,,,,,,,,,,,,,,,,,,,,
,,,,,,,,,,,,,,,,,,,,,,,,,,,,
,,,,,,,,,,,,,,,,,,,,,,,,,,,,
,,,,,,,,,,,,,,,,,,,,,,,,,,,,
,,,,,,,,,,,,,,,,,,,,,,,,,,,,
,,,,,,,,,,,,,,,,,,,,,,,,,,,,
,,,,,,,,,,,,,,,,,,,,,,,,,,,,
,,,,,,,,,,,,,,,,,,,,,,,,,,,,
,,,,,,,,,,,,,,,,,,,,,,,,,,,,
,,,,,,,,,,,,,,,,,,,,,,,,,,,,
,,,,,,,,,,,,,,,,,,,,,,,,,,,,
,,,,,,,,,,,,,,,,,,,,,,,,,,,,
,,,,,,,,,,,,,,,,,,,,,,,,,,,,
,,,,,,,,,,,,,,,,,,,,,,,,,,,,
,,,,,,,,,,,,,,,,,,,,,,,,,,,,
,,,,,,,,,,,,,,,,,,,,,,,,,,,,
,,,,,,,,,,,,,,,,,,,,,,,,,,,,
,,,,,,,,,,,,,,,,,,,,,,,,,,,,
,,,,,,,,,,,,,,,,,,,,,,,,,,,,
,,,,,,,,,,,,,,,,,,,,,,,,,,,,
,,,,,,,,,,,,,,,,,,,,,,,,,,,,
,,,,,,,,,,,,,,,,,,,,,,,,,,,,
,,,,,,,,,,,,,,,,,,,,,,,,,,,,
,,,,,,,,,,,,,,,,,,,,,,,,,,,,
,,,,,,,,,,,,,,,,,,,,,,,,,,,,
,,,,,,,,,,,,,,,,,,,,,,,,,,,,
,,,,,,,,,,,,,,,,,,,,,,,,,,,,
,,,,,,,,,,,,,,,,,,,,,,,,,,,,
,,,,,,,,,,,,,,,,,,,,,,,,,,,,
,,,,,,,,,,,,,,,,,,,,,,,,,,,,
,,,,,,,,,,,,,,,,,,,,,,,,,,,,
,,,,,,,,,,,,,,,,,,,,,,,,,,,,
,,,,,,,,,,,,,,,,,,,,,,,,,,,,
,,,,,,,,,,,,,,,,,,,,,,,,,,,,
,,,,,,,,,,,,,,,,,,,,,,,,,,,,
,,,,,,,,,,,,,,,,,,,,,,,,,,,,
,,,,,,,,,,,,,,,,,,,,,,,,,,,,
,,,,,,,,,,,,,,,,,,,,,,,,,,,,
,,,,,,,,,,,,,,,,,,,,,,,,,,,,
,,,,,,,,,,,,,,,,,,,,,,,,,,,,
,,,,,,,,,,,,,,,,,,,,,,,,,,,,
,,,,,,,,,,,,,,,,,,,,,,,,,,,,
,,,,,,,,,,,,,,,,,,,,,,,,,,,,
,,,,,,,,,,,,,,,,,,,,,,,,,,,,
,,,,,,,,,,,,,,,,,,,,,,,,,,,,
,,,,,,,,,,,,,,,,,,,,,,,,,,,,
,,,,,,,,,,,,,,,,,,,,,,,,,,,,
,,,,,,,,,,,,,,,,,,,,,,,,,,,,
,,,,,,,,,,,,,,,,,,,,,,,,,,,,
,,,,,,,,,,,,,,,,,,,,,,,,,,,,
,,,,,,,,,,,,,,,,,,,,,,,,,,,,
,,,,,,,,,,,,,,,,,,,,,,,,,,,,
,,,,,,,,,,,,,,,,,,,,,,,,,,,,
,,,,,,,,,,,,,,,,,,,,,,,,,,,,
,,,,,,,,,,,,,,,,,,,,,,,,,,,,
,,,,,,,,,,,,,,,,,,,,,,,,,,,,
,,,,,,,,,,,,,,,,,,,,,,,,,,,,
,,,,,,,,,,,,,,,,,,,,,,,,,,,,
,,,,,,,,,,,,,,,,,,,,,,,,,,,,
,,,,,,,,,,,,,,,,,,,,,,,,,,,,
,,,,,,,,,,,,,,,,,,,,,,,,,,,,
,,,,,,,,,,,,,,,,,,,,,,,,,,,,
,,,,,,,,,,,,,,,,,,,,,,,,,,,,
,,,,,,,,,,,,,,,,,,,,,,,,,,,,
,,,,,,,,,,,,,,,,,,,,,,,,,,,,
,,,,,,,,,,,,,,,,,,,,,,,,,,,,
,,,,,,,,,,,,,,,,,,,,,,,,,,,,
,,,,,,,,,,,,,,,,,,,,,,,,,,,,
,,,,,,,,,,,,,,,,,,,,,,,,,,,,
,,,,,,,,,,,,,,,,,,,,,,,,,,,,
,,,,,,,,,,,,,,,,,,,,,,,,,,,,
,,,,,,,,,,,,,,,,,,,,,,,,,,,,
,,,,,,,,,,,,,,,,,,,,,,,,,,,,
,,,,,,,,,,,,,,,,,,,,,,,,,,,,
,,,,,,,,,,,,,,,,,,,,,,,,,,,,
,,,,,,,,,,,,,,,,,,,,,,,,,,,,
,,,,,,,,,,,,,,,,,,,,,,,,,,,,
,,,,,,,,,,,,,,,,,,,,,,,,,,,,
,,,,,,,,,,,,,,,,,,,,,,,,,,,,
,,,,,,,,,,,,,,,,,,,,,,,,,,,,
,,,,,,,,,,,,,,,,,,,,,,,,,,,,
,,,,,,,,,,,,,,,,,,,,,,,,,,,,
,,,,,,,,,,,,,,,,,,,,,,,,,,,,
,,,,,,,,,,,,,,,,,,,,,,,,,,,,
,,,,,,,,,,,,,,,,,,,,,,,,,,,,
,,,,,,,,,,,,,,,,,,,,,,,,,,,,
,,,,,,,,,,,,,,,,,,,,,,,,,,,,
,,,,,,,,,,,,,,,,,,,,,,,,,,,,
,,,,,,,,,,,,,,,,,,,,,,,,,,,,
,,,,,,,,,,,,,,,,,,,,,,,,,,,,
,,,,,,,,,,,,,,,,,,,,,,,,,,,,
,,,,,,,,,,,,,,,,,,,,,,,,,,,,
,,,,,,,,,,,,,,,,,,,,,,,,,,,,
,,,,,,,,,,,,,,,,,,,,,,,,,,,,
,,,,,,,,,,,,,,,,,,,,,,,,,,,,
,,,,,,,,,,,,,,,,,,,,,,,,,,,,
,,,,,,,,,,,,,,,,,,,,,,,,,,,,
,,,,,,,,,,,,,,,,,,,,,,,,,,,,
,,,,,,,,,,,,,,,,,,,,,,,,,,,,
,,,,,,,,,,,,,,,,,,,,,,,,,,,,
,,,,,,,,,,,,,,,,,,,,,,,,,,,,
,,,,,,,,,,,,,,,,,,,,,,,,,,,,
,,,,,,,,,,,,,,,,,,,,,,,,,,,,
,,,,,,,,,,,,,,,,,,,,,,,,,,,,
,,,,,,,,,,,,,,,,,,,,,,,,,,,,
,,,,,,,,,,,,,,,,,,,,,,,,,,,,
,,,,,,,,,,,,,,,,,,,,,,,,,,,,
,,,,,,,,,,,,,,,,,,,,,,,,,,,,
,,,,,,,,,,,,,,,,,,,,,,,,,,,,
,,,,,,,,,,,,,,,,,,,,,,,,,,,,
,,,,,,,,,,,,,,,,,,,,,,,,,,,,
,,,,,,,,,,,,,,,,,,,,,,,,,,,,
,,,,,,,,,,,,,,,,,,,,,,,,,,,,
,,,,,,,,,,,,,,,,,,,,,,,,,,,,
,,,,,,,,,,,,,,,,,,,,,,,,,,,,
,,,,,,,,,,,,,,,,,,,,,,,,,,,,
,,,,,,,,,,,,,,,,,,,,,,,,,,,,
,,,,,,,,,,,,,,,,,,,,,,,,,,,,
,,,,,,,,,,,,,,,,,,,,,,,,,,,,
,,,,,,,,,,,,,,,,,,,,,,,,,,,,
,,,,,,,,,,,,,,,,,,,,,,,,,,,,
,,,,,,,,,,,,,,,,,,,,,,,,,,,,
,,,,,,,,,,,,,,,,,,,,,,,,,,,,
,,,,,,,,,,,,,,,,,,,,,,,,,,,,
,,,,,,,,,,,,,,,,,,,,,,,,,,,,
,,,,,,,,,,,,,,,,,,,,,,,,,,,,
,,,,,,,,,,,,,,,,,,,,,,,,,,,,
,,,,,,,,,,,,,,,,,,,,,,,,,,,,
,,,,,,,,,,,,,,,,,,,,,,,,,,,,
,,,,,,,,,,,,,,,,,,,,,,,,,,,,
,,,,,,,,,,,,,,,,,,,,,,,,,,,,
,,,,,,,,,,,,,,,,,,,,,,,,,,,,
,,,,,,,,,,,,,,,,,,,,,,,,,,,,
,,,,,,,,,,,,,,,,,,,,,,,,,,,,
,,,,,,,,,,,,,,,,,,,,,,,,,,,,
,,,,,,,,,,,,,,,,,,,,,,,,,,,,
,,,,,,,,,,,,,,,,,,,,,,,,,,,,
,,,,,,,,,,,,,,,,,,,,,,,,,,,,
,,,,,,,,,,,,,,,,,,,,,,,,,,,,
,,,,,,,,,,,,,,,,,,,,,,,,,,,,
,,,,,,,,,,,,,,,,,,,,,,,,,,,,
,,,,,,,,,,,,,,,,,,,,,,,,,,,,
,,,,,,,,,,,,,,,,,,,,,,,,,,,,
,,,,,,,,,,,,,,,,,,,,,,,,,,,,
,,,,,,,,,,,,,,,,,,,,,,,,,,,,
,,,,,,,,,,,,,,,,,,,,,,,,,,,,
,,,,,,,,,,,,,,,,,,,,,,,,,,,,
,,,,,,,,,,,,,,,,,,,,,,,,,,,,
,,,,,,,,,,,,,,,,,,,,,,,,,,,,
,,,,,,,,,,,,,,,,,,,,,,,,,,,,
,,,,,,,,,,,,,,,,,,,,,,,,,,,,
,,,,,,,,,,,,,,,,,,,,,,,,,,,,
,,,,,,,,,,,,,,,,,,,,,,,,,,,,
,,,,,,,,,,,,,,,,,,,,,,,,,,,,
,,,,,,,,,,,,,,,,,,,,,,,,,,,,
,,,,,,,,,,,,,,,,,,,,,,,,,,,,
,,,,,,,,,,,,,,,,,,,,,,,,,,,,
,,,,,,,,,,,,,,,,,,,,,,,,,,,,
,,,,,,,,,,,,,,,,,,,,,,,,,,,,
,,,,,,,,,,,,,,,,,,,,,,,,,,,,
,,,,,,,,,,,,,,,,,,,,,,,,,,,,
,,,,,,,,,,,,,,,,,,,,,,,,,,,,
,,,,,,,,,,,,,,,,,,,,,,,,,,,,
,,,,,,,,,,,,,,,,,,,,,,,,,,,,
,,,,,,,,,,,,,,,,,,,,,,,,,,,,
,,,,,,,,,,,,,,,,,,,,,,,,,,,,
,,,,,,,,,,,,,,,,,,,,,,,,,,,,
,,,,,,,,,,,,,,,,,,,,,,,,,,,,
,,,,,,,,,,,,,,,,,,,,,,,,,,,,
,,,,,,,,,,,,,,,,,,,,,,,,,,,,
,,,,,,,,,,,,,,,,,,,,,,,,,,,,
,,,,,,,,,,,,,,,,,,,,,,,,,,,,
,,,,,,,,,,,,,,,,,,,,,,,,,,,,
,,,,,,,,,,,,,,,,,,,,,,,,,,,,
,,,,,,,,,,,,,,,,,,,,,,,,,,,,
,,,,,,,,,,,,,,,,,,,,,,,,,,,,
,,,,,,,,,,,,,,,,,,,,,,,,,,,,
,,,,,,,,,,,,,,,,,,,,,,,,,,,,
,,,,,,,,,,,,,,,,,,,,,,,,,,,,
,,,,,,,,,,,,,,,,,,,,,,,,,,,,
,,,,,,,,,,,,,,,,,,,,,,,,,,,,
,,,,,,,,,,,,,,,,,,,,,,,,,,,,
,,,,,,,,,,,,,,,,,,,,,,,,,,,,
,,,,,,,,,,,,,,,,,,,,,,,,,,,,
,,,,,,,,,,,,,,,,,,,,,,,,,,,,
,,,,,,,,,,,,,,,,,,,,,,,,,,,,
,,,,,,,,,,,,,,,,,,,,,,,,,,,,
,,,,,,,,,,,,,,,,,,,,,,,,,,,,
,,,,,,,,,,,,,,,,,,,,,,,,,,,,
,,,,,,,,,,,,,,,,,,,,,,,,,,,,
,,,,,,,,,,,,,,,,,,,,,,,,,,,,
,,,,,,,,,,,,,,,,,,,,,,,,,,,,
,,,,,,,,,,,,,,,,,,,,,,,,,,,,
,,,,,,,,,,,,,,,,,,,,,,,,,,,,
,,,,,,,,,,,,,,,,,,,,,,,,,,,,
,,,,,,,,,,,,,,,,,,,,,,,,,,,,
,,,,,,,,,,,,,,,,,,,,,,,,,,,,
,,,,,,,,,,,,,,,,,,,,,,,,,,,,
,,,,,,,,,,,,,,,,,,,,,,,,,,,,
,,,,,,,,,,,,,,,,,,,,,,,,,,,,
,,,,,,,,,,,,,,,,,,,,,,,,,,,,
,,,,,,,,,,,,,,,,,,,,,,,,,,,,
,,,,,,,,,,,,,,,,,,,,,,,,,,,,
,,,,,,,,,,,,,,,,,,,,,,,,,,,,
,,,,,,,,,,,,,,,,,,,,,,,,,,,,
,,,,,,,,,,,,,,,,,,,,,,,,,,,,
,,,,,,,,,,,,,,,,,,,,,,,,,,,,
,,,,,,,,,,,,,,,,,,,,,,,,,,,,
,,,,,,,,,,,,,,,,,,,,,,,,,,,,
,,,,,,,,,,,,,,,,,,,,,,,,,,,,
,,,,,,,,,,,,,,,,,,,,,,,,,,,,
,,,,,,,,,,,,,,,,,,,,,,,,,,,,
,,,,,,,,,,,,,,,,,,,,,,,,,,,,
,,,,,,,,,,,,,,,,,,,,,,,,,,,,
,,,,,,,,,,,,,,,,,,,,,,,,,,,,
,,,,,,,,,,,,,,,,,,,,,,,,,,,,
,,,,,,,,,,,,,,,,,,,,,,,,,,,,
,,,,,,,,,,,,,,,,,,,,,,,,,,,,
,,,,,,,,,,,,,,,,,,,,,,,,,,,,
,,,,,,,,,,,,,,,,,,,,,,,,,,,,
,,,,,,,,,,,,,,,,,,,,,,,,,,,,
,,,,,,,,,,,,,,,,,,,,,,,,,,,,
,,,,,,,,,,,,,,,,,,,,,,,,,,,,
,,,,,,,,,,,,,,,,,,,,,,,,,,,,
,,,,,,,,,,,,,,,,,,,,,,,,,,,,
,,,,,,,,,,,,,,,,,,,,,,,,,,,,
,,,,,,,,,,,,,,,,,,,,,,,,,,,,
,,,,,,,,,,,,,,,,,,,,,,,,,,,,
,,,,,,,,,,,,,,,,,,,,,,,,,,,,
,,,,,,,,,,,,,,,,,,,,,,,,,,,,
,,,,,,,,,,,,,,,,,,,,,,,,,,,,
,,,,,,,,,,,,,,,,,,,,,,,,,,,,
,,,,,,,,,,,,,,,,,,,,,,,,,,,,
,,,,,,,,,,,,,,,,,,,,,,,,,,,,
,,,,,,,,,,,,,,,,,,,,,,,,,,,,
,,,,,,,,,,,,,,,,,,,,,,,,,,,,
,,,,,,,,,,,,,,,,,,,,,,,,,,,,
,,,,,,,,,,,,,,,,,,,,,,,,,,,,
,,,,,,,,,,,,,,,,,,,,,,,,,,,,
,,,,,,,,,,,,,,,,,,,,,,,,,,,,
,,,,,,,,,,,,,,,,,,,,,,,,,,,,
,,,,,,,,,,,,,,,,,,,,,,,,,,,,
,,,,,,,,,,,,,,,,,,,,,,,,,,,,
,,,,,,,,,,,,,,,,,,,,,,,,,,,,
,,,,,,,,,,,,,,,,,,,,,,,,,,,,
,,,,,,,,,,,,,,,,,,,,,,,,,,,,
,,,,,,,,,,,,,,,,,,,,,,,,,,,,
,,,,,,,,,,,,,,,,,,,,,,,,,,,,
,,,,,,,,,,,,,,,,,,,,,,,,,,,,
,,,,,,,,,,,,,,,,,,,,,,,,,,,,
,,,,,,,,,,,,,,,,,,,,,,,,,,,,
,,,,,,,,,,,,,,,,,,,,,,,,,,,,
,,,,,,,,,,,,,,,,,,,,,,,,,,,,
,,,,,,,,,,,,,,,,,,,,,,,,,,,,
,,,,,,,,,,,,,,,,,,,,,,,,,,,,
,,,,,,,,,,,,,,,,,,,,,,,,,,,,
,,,,,,,,,,,,,,,,,,,,,,,,,,,,
,,,,,,,,,,,,,,,,,,,,,,,,,,,,
,,,,,,,,,,,,,,,,,,,,,,,,,,,,
,,,,,,,,,,,,,,,,,,,,,,,,,,,,
,,,,,,,,,,,,,,,,,,,,,,,,,,,,
,,,,,,,,,,,,,,,,,,,,,,,,,,,,
,,,,,,,,,,,,,,,,,,,,,,,,,,,,
,,,,,,,,,,,,,,,,,,,,,,,,,,,,
,,,,,,,,,,,,,,,,,,,,,,,,,,,,
,,,,,,,,,,,,,,,,,,,,,,,,,,,,
,,,,,,,,,,,,,,,,,,,,,,,,,,,,
,,,,,,,,,,,,,,,,,,,,,,,,,,,,
,,,,,,,,,,,,,,,,,,,,,,,,,,,,
,,,,,,,,,,,,,,,,,,,,,,,,,,,,
,,,,,,,,,,,,,,,,,,,,,,,,,,,,
,,,,,,,,,,,,,,,,,,,,,,,,,,,,
,,,,,,,,,,,,,,,,,,,,,,,,,,,,
,,,,,,,,,,,,,,,,,,,,,,,,,,,,
,,,,,,,,,,,,,,,,,,,,,,,,,,,,
,,,,,,,,,,,,,,,,,,,,,,,,,,,,
,,,,,,,,,,,,,,,,,,,,,,,,,,,,
,,,,,,,,,,,,,,,,,,,,,,,,,,,,
,,,,,,,,,,,,,,,,,,,,,,,,,,,,
,,,,,,,,,,,,,,,,,,,,,,,,,,,,
,,,,,,,,,,,,,,,,,,,,,,,,,,,,
,,,,,,,,,,,,,,,,,,,,,,,,,,,,
,,,,,,,,,,,,,,,,,,,,,,,,,,,,
,,,,,,,,,,,,,,,,,,,,,,,,,,,,
,,,,,,,,,,,,,,,,,,,,,,,,,,,,
,,,,,,,,,,,,,,,,,,,,,,,,,,,,
,,,,,,,,,,,,,,,,,,,,,,,,,,,,
,,,,,,,,,,,,,,,,,,,,,,,,,,,,
,,,,,,,,,,,,,,,,,,,,,,,,,,,,
,,,,,,,,,,,,,,,,,,,,,,,,,,,,
,,,,,,,,,,,,,,,,,,,,,,,,,,,,
,,,,,,,,,,,,,,,,,,,,,,,,,,,,
,,,,,,,,,,,,,,,,,,,,,,,,,,,,
,,,,,,,,,,,,,,,,,,,,,,,,,,,,
,,,,,,,,,,,,,,,,,,,,,,,,,,,,
,,,,,,,,,,,,,,,,,,,,,,,,,,,,
,,,,,,,,,,,,,,,,,,,,,,,,,,,,
,,,,,,,,,,,,,,,,,,,,,,,,,,,,
,,,,,,,,,,,,,,,,,,,,,,,,,,,,
,,,,,,,,,,,,,,,,,,,,,,,,,,,,
,,,,,,,,,,,,,,,,,,,,,,,,,,,,
,,,,,,,,,,,,,,,,,,,,,,,,,,,,
,,,,,,,,,,,,,,,,,,,,,,,,,,,,
,,,,,,,,,,,,,,,,,,,,,,,,,,,,
,,,,,,,,,,,,,,,,,,,,,,,,,,,,
,,,,,,,,,,,,,,,,,,,,,,,,,,,,
,,,,,,,,,,,,,,,,,,,,,,,,,,,,
,,,,,,,,,,,,,,,,,,,,,,,,,,,,
,,,,,,,,,,,,,,,,,,,,,,,,,,,,
,,,,,,,,,,,,,,,,,,,,,,,,,,,,
,,,,,,,,,,,,,,,,,,,,,,,,,,,,
,,,,,,,,,,,,,,,,,,,,,,,,,,,,
,,,,,,,,,,,,,,,,,,,,,,,,,,,,
,,,,,,,,,,,,,,,,,,,,,,,,,,,,
,,,,,,,,,,,,,,,,,,,,,,,,,,,,
,,,,,,,,,,,,,,,,,,,,,,,,,,,,
,,,,,,,,,,,,,,,,,,,,,,,,,,,,
,,,,,,,,,,,,,,,,,,,,,,,,,,,,
,,,,,,,,,,,,,,,,,,,,,,,,,,,,
,,,,,,,,,,,,,,,,,,,,,,,,,,,,
,,,,,,,,,,,,,,,,,,,,,,,,,,,,
,,,,,,,,,,,,,,,,,,,,,,,,,,,,
,,,,,,,,,,,,,,,,,,,,,,,,,,,,
,,,,,,,,,,,,,,,,,,,,,,,,,,,,
,,,,,,,,,,,,,,,,,,,,,,,,,,,,
,,,,,,,,,,,,,,,,,,,,,,,,,,,,
,,,,,,,,,,,,,,,,,,,,,,,,,,,,
,,,,,,,,,,,,,,,,,,,,,,,,,,,,
,,,,,,,,,,,,,,,,,,,,,,,,,,,,
,,,,,,,,,,,,,,,,,,,,,,,,,,,,
,,,,,,,,,,,,,,,,,,,,,,,,,,,,
,,,,,,,,,,,,,,,,,,,,,,,,,,,,
,,,,,,,,,,,,,,,,,,,,,,,,,,,,
,,,,,,,,,,,,,,,,,,,,,,,,,,,,
,,,,,,,,,,,,,,,,,,,,,,,,,,,,
,,,,,,,,,,,,,,,,,,,,,,,,,,,,
,,,,,,,,,,,,,,,,,,,,,,,,,,,,
,,,,,,,,,,,,,,,,,,,,,,,,,,,,
,,,,,,,,,,,,,,,,,,,,,,,,,,,,
,,,,,,,,,,,,,,,,,,,,,,,,,,,,
,,,,,,,,,,,,,,,,,,,,,,,,,,,,
,,,,,,,,,,,,,,,,,,,,,,,,,,,,
,,,,,,,,,,,,,,,,,,,,,,,,,,,,
,,,,,,,,,,,,,,,,,,,,,,,,,,,,
,,,,,,,,,,,,,,,,,,,,,,,,,,,,
,,,,,,,,,,,,,,,,,,,,,,,,,,,,
,,,,,,,,,,,,,,,,,,,,,,,,,,,,
,,,,,,,,,,,,,,,,,,,,,,,,,,,,
,,,,,,,,,,,,,,,,,,,,,,,,,,,,
,,,,,,,,,,,,,,,,,,,,,,,,,,,,
,,,,,,,,,,,,,,,,,,,,,,,,,,,,
,,,,,,,,,,,,,,,,,,,,,,,,,,,,
,,,,,,,,,,,,,,,,,,,,,,,,,,,,
,,,,,,,,,,,,,,,,,,,,,,,,,,,,
,,,,,,,,,,,,,,,,,,,,,,,,,,,,
,,,,,,,,,,,,,,,,,,,,,,,,,,,,
,,,,,,,,,,,,,,,,,,,,,,,,,,,,
,,,,,,,,,,,,,,,,,,,,,,,,,,,,
,,,,,,,,,,,,,,,,,,,,,,,,,,,,
,,,,,,,,,,,,,,,,,,,,,,,,,,,,
,,,,,,,,,,,,,,,,,,,,,,,,,,,,
,,,,,,,,,,,,,,,,,,,,,,,,,,,,
,,,,,,,,,,,,,,,,,,,,,,,,,,,,
,,,,,,,,,,,,,,,,,,,,,,,,,,,,
,,,,,,,,,,,,,,,,,,,,,,,,,,,,
,,,,,,,,,,,,,,,,,,,,,,,,,,,,
,,,,,,,,,,,,,,,,,,,,,,,,,,,,
,,,,,,,,,,,,,,,,,,,,,,,,,,,,
,,,,,,,,,,,,,,,,,,,,,,,,,,,,
,,,,,,,,,,,,,,,,,,,,,,,,,,,,
,,,,,,,,,,,,,,,,,,,,,,,,,,,,
,,,,,,,,,,,,,,,,,,,,,,,,,,,,
,,,,,,,,,,,,,,,,,,,,,,,,,,,,
,,,,,,,,,,,,,,,,,,,,,,,,,,,,
,,,,,,,,,,,,,,,,,,,,,,,,,,,,
,,,,,,,,,,,,,,,,,,,,,,,,,,,,
,,,,,,,,,,,,,,,,,,,,,,,,,,,,
,,,,,,,,,,,,,,,,,,,,,,,,,,,,
,,,,,,,,,,,,,,,,,,,,,,,,,,,,
,,,,,,,,,,,,,,,,,,,,,,,,,,,,
,,,,,,,,,,,,,,,,,,,,,,,,,,,,
,,,,,,,,,,,,,,,,,,,,,,,,,,,,
,,,,,,,,,,,,,,,,,,,,,,,,,,,,
,,,,,,,,,,,,,,,,,,,,,,,,,,,,
,,,,,,,,,,,,,,,,,,,,,,,,,,,,
,,,,,,,,,,,,,,,,,,,,,,,,,,,,
,,,,,,,,,,,,,,,,,,,,,,,,,,,,
,,,,,,,,,,,,,,,,,,,,,,,,,,,,
,,,,,,,,,,,,,,,,,,,,,,,,,,,,
,,,,,,,,,,,,,,,,,,,,,,,,,,,,
,,,,,,,,,,,,,,,,,,,,,,,,,,,,
,,,,,,,,,,,,,,,,,,,,,,,,,,,,
,,,,,,,,,,,,,,,,,,,,,,,,,,,,
,,,,,,,,,,,,,,,,,,,,,,,,,,,,
,,,,,,,,,,,,,,,,,,,,,,,,,,,,
,,,,,,,,,,,,,,,,,,,,,,,,,,,,
,,,,,,,,,,,,,,,,,,,,,,,,,,,,
,,,,,,,,,,,,,,,,,,,,,,,,,,,,
,,,,,,,,,,,,,,,,,,,,,,,,,,,,
,,,,,,,,,,,,,,,,,,,,,,,,,,,,
,,,,,,,,,,,,,,,,,,,,,,,,,,,,
,,,,,,,,,,,,,,,,,,,,,,,,,,,,
,,,,,,,,,,,,,,,,,,,,,,,,,,,,
,,,,,,,,,,,,,,,,,,,,,,,,,,,,
,,,,,,,,,,,,,,,,,,,,,,,,,,,,
,,,,,,,,,,,,,,,,,,,,,,,,,,,,
,,,,,,,,,,,,,,,,,,,,,,,,,,,,
,,,,,,,,,,,,,,,,,,,,,,,,,,,,
,,,,,,,,,,,,,,,,,,,,,,,,,,,,
,,,,,,,,,,,,,,,,,,,,,,,,,,,,
,,,,,,,,,,,,,,,,,,,,,,,,,,,,
,,,,,,,,,,,,,,,,,,,,,,,,,,,,
,,,,,,,,,,,,,,,,,,,,,,,,,,,,
,,,,,,,,,,,,,,,,,,,,,,,,,,,,
,,,,,,,,,,,,,,,,,,,,,,,,,,,,
,,,,,,,,,,,,,,,,,,,,,,,,,,,,
,,,,,,,,,,,,,,,,,,,,,,,,,,,,
,,,,,,,,,,,,,,,,,,,,,,,,,,,,
,,,,,,,,,,,,,,,,,,,,,,,,,,,,
,,,,,,,,,,,,,,,,,,,,,,,,,,,,
,,,,,,,,,,,,,,,,,,,,,,,,,,,,
,,,,,,,,,,,,,,,,,,,,,,,,,,,,
,,,,,,,,,,,,,,,,,,,,,,,,,,,,
,,,,,,,,,,,,,,,,,,,,,,,,,,,,
,,,,,,,,,,,,,,,,,,,,,,,,,,,,
,,,,,,,,,,,,,,,,,,,,,,,,,,,,
,,,,,,,,,,,,,,,,,,,,,,,,,,,,
,,,,,,,,,,,,,,,,,,,,,,,,,,,,
,,,,,,,,,,,,,,,,,,,,,,,,,,,,
,,,,,,,,,,,,,,,,,,,,,,,,,,,,
,,,,,,,,,,,,,,,,,,,,,,,,,,,,
,,,,,,,,,,,,,,,,,,,,,,,,,,,,
,,,,,,,,,,,,,,,,,,,,,,,,,,,,
,,,,,,,,,,,,,,,,,,,,,,,,,,,,
,,,,,,,,,,,,,,,,,,,,,,,,,,,,
,,,,,,,,,,,,,,,,,,,,,,,,,,,,
,,,,,,,,,,,,,,,,,,,,,,,,,,,,
,,,,,,,,,,,,,,,,,,,,,,,,,,,,
,,,,,,,,,,,,,,,,,,,,,,,,,,,,
,,,,,,,,,,,,,,,,,,,,,,,,,,,,
,,,,,,,,,,,,,,,,,,,,,,,,,,,,
,,,,,,,,,,,,,,,,,,,,,,,,,,,,
,,,,,,,,,,,,,,,,,,,,,,,,,,,,
,,,,,,,,,,,,,,,,,,,,,,,,,,,,
,,,,,,,,,,,,,,,,,,,,,,,,,,,,
,,,,,,,,,,,,,,,,,,,,,,,,,,,,
,,,,,,,,,,,,,,,,,,,,,,,,,,,,
,,,,,,,,,,,,,,,,,,,,,,,,,,,,
,,,,,,,,,,,,,,,,,,,,,,,,,,,,
,,,,,,,,,,,,,,,,,,,,,,,,,,,,
,,,,,,,,,,,,,,,,,,,,,,,,,,,,
,,,,,,,,,,,,,,,,,,,,,,,,,,,,
,,,,,,,,,,,,,,,,,,,,,,,,,,,,
,,,,,,,,,,,,,,,,,,,,,,,,,,,,
,,,,,,,,,,,,,,,,,,,,,,,,,,,,
,,,,,,,,,,,,,,,,,,,,,,,,,,,,
,,,,,,,,,,,,,,,,,,,,,,,,,,,,
,,,,,,,,,,,,,,,,,,,,,,,,,,,,
,,,,,,,,,,,,,,,,,,,,,,,,,,,,
,,,,,,,,,,,,,,,,,,,,,,,,,,,,
,,,,,,,,,,,,,,,,,,,,,,,,,,,,
,,,,,,,,,,,,,,,,,,,,,,,,,,,,
,,,,,,,,,,,,,,,,,,,,,,,,,,,,
,,,,,,,,,,,,,,,,,,,,,,,,,,,,
,,,,,,,,,,,,,,,,,,,,,,,,,,,,
,,,,,,,,,,,,,,,,,,,,,,,,,,,,
,,,,,,,,,,,,,,,,,,,,,,,,,,,,
,,,,,,,,,,,,,,,,,,,,,,,,,,,,
,,,,,,,,,,,,,,,,,,,,,,,,,,,,
,,,,,,,,,,,,,,,,,,,,,,,,,,,,
,,,,,,,,,,,,,,,,,,,,,,,,,,,,
,,,,,,,,,,,,,,,,,,,,,,,,,,,,
,,,,,,,,,,,,,,,,,,,,,,,,,,,,
,,,,,,,,,,,,,,,,,,,,,,,,,,,,
,,,,,,,,,,,,,,,,,,,,,,,,,,,,
,,,,,,,,,,,,,,,,,,,,,,,,,,,,
,,,,,,,,,,,,,,,,,,,,,,,,,,,,
,,,,,,,,,,,,,,,,,,,,,,,,,,,,
,,,,,,,,,,,,,,,,,,,,,,,,,,,,
,,,,,,,,,,,,,,,,,,,,,,,,,,,,
,,,,,,,,,,,,,,,,,,,,,,,,,,,,
,,,,,,,,,,,,,,,,,,,,,,,,,,,,
,,,,,,,,,,,,,,,,,,,,,,,,,,,,
,,,,,,,,,,,,,,,,,,,,,,,,,,,,
,,,,,,,,,,,,,,,,,,,,,,,,,,,,
,,,,,,,,,,,,,,,,,,,,,,,,,,,,
,,,,,,,,,,,,,,,,,,,,,,,,,,,,
,,,,,,,,,,,,,,,,,,,,,,,,,,,,
,,,,,,,,,,,,,,,,,,,,,,,,,,,,
,,,,,,,,,,,,,,,,,,,,,,,,,,,,
,,,,,,,,,,,,,,,,,,,,,,,,,,,,
,,,,,,,,,,,,,,,,,,,,,,,,,,,,
,,,,,,,,,,,,,,,,,,,,,,,,,,,,
,,,,,,,,,,,,,,,,,,,,,,,,,,,,
,,,,,,,,,,,,,,,,,,,,,,,,,,,,
,,,,,,,,,,,,,,,,,,,,,,,,,,,,
,,,,,,,,,,,,,,,,,,,,,,,,,,,,
,,,,,,,,,,,,,,,,,,,,,,,,,,,,
,,,,,,,,,,,,,,,,,,,,,,,,,,,,
,,,,,,,,,,,,,,,,,,,,,,,,,,,,
,,,,,,,,,,,,,,,,,,,,,,,,,,,,
,,,,,,,,,,,,,,,,,,,,,,,,,,,,
,,,,,,,,,,,,,,,,,,,,,,,,,,,,
,,,,,,,,,,,,,,,,,,,,,,,,,,,,
,,,,,,,,,,,,,,,,,,,,,,,,,,,,
,,,,,,,,,,,,,,,,,,,,,,,,,,,,
,,,,,,,,,,,,,,,,,,,,,,,,,,,,
,,,,,,,,,,,,,,,,,,,,,,,,,,,,
,,,,,,,,,,,,,,,,,,,,,,,,,,,,
,,,,,,,,,,,,,,,,,,,,,,,,,,,,
,,,,,,,,,,,,,,,,,,,,,,,,,,,,
,,,,,,,,,,,,,,,,,,,,,,,,,,,,
,,,,,,,,,,,,,,,,,,,,,,,,,,,,
,,,,,,,,,,,,,,,,,,,,,,,,,,,,
,,,,,,,,,,,,,,,,,,,,,,,,,,,,
,,,,,,,,,,,,,,,,,,,,,,,,,,,,
,,,,,,,,,,,,,,,,,,,,,,,,,,,,
,,,,,,,,,,,,,,,,,,,,,,,,,,,,
,,,,,,,,,,,,,,,,,,,,,,,,,,,,
,,,,,,,,,,,,,,,,,,,,,,,,,,,,
,,,,,,,,,,,,,,,,,,,,,,,,,,,,
,,,,,,,,,,,,,,,,,,,,,,,,,,,,
,,,,,,,,,,,,,,,,,,,,,,,,,,,,
,,,,,,,,,,,,,,,,,,,,,,,,,,,,
,,,,,,,,,,,,,,,,,,,,,,,,,,,,
,,,,,,,,,,,,,,,,,,,,,,,,,,,,
,,,,,,,,,,,,,,,,,,,,,,,,,,,,
,,,,,,,,,,,,,,,,,,,,,,,,,,,,
,,,,,,,,,,,,,,,,,,,,,,,,,,,,
,,,,,,,,,,,,,,,,,,,,,,,,,,,,
,,,,,,,,,,,,,,,,,,,,,,,,,,,,
,,,,,,,,,,,,,,,,,,,,,,,,,,,,
,,,,,,,,,,,,,,,,,,,,,,,,,,,,
,,,,,,,,,,,,,,,,,,,,,,,,,,,,
,,,,,,,,,,,,,,,,,,,,,,,,,,,,
,,,,,,,,,,,,,,,,,,,,,,,,,,,,
,,,,,,,,,,,,,,,,,,,,,,,,,,,,
,,,,,,,,,,,,,,,,,,,,,,,,,,,,
,,,,,,,,,,,,,,,,,,,,,,,,,,,,
,,,,,,,,,,,,,,,,,,,,,,,,,,,,
,,,,,,,,,,,,,,,,,,,,,,,,,,,,
,,,,,,,,,,,,,,,,,,,,,,,,,,,,
,,,,,,,,,,,,,,,,,,,,,,,,,,,,
,,,,,,,,,,,,,,,,,,,,,,,,,,,,
,,,,,,,,,,,,,,,,,,,,,,,,,,,,
,,,,,,,,,,,,,,,,,,,,,,,,,,,,
,,,,,,,,,,,,,,,,,,,,,,,,,,,,
,,,,,,,,,,,,,,,,,,,,,,,,,,,,
,,,,,,,,,,,,,,,,,,,,,,,,,,,,
,,,,,,,,,,,,,,,,,,,,,,,,,,,,
,,,,,,,,,,,,,,,,,,,,,,,,,,,,
,,,,,,,,,,,,,,,,,,,,,,,,,,,,
,,,,,,,,,,,,,,,,,,,,,,,,,,,,
,,,,,,,,,,,,,,,,,,,,,,,,,,,,
,,,,,,,,,,,,,,,,,,,,,,,,,,,,
,,,,,,,,,,,,,,,,,,,,,,,,,,,,
,,,,,,,,,,,,,,,,,,,,,,,,,,,,
,,,,,,,,,,,,,,,,,,,,,,,,,,,,
,,,,,,,,,,,,,,,,,,,,,,,,,,,,
,,,,,,,,,,,,,,,,,,,,,,,,,,,,
,,,,,,,,,,,,,,,,,,,,,,,,,,,,
,,,,,,,,,,,,,,,,,,,,,,,,,,,,
,,,,,,,,,,,,,,,,,,,,,,,,,,,,
,,,,,,,,,,,,,,,,,,,,,,,,,,,,
,,,,,,,,,,,,,,,,,,,,,,,,,,,,
,,,,,,,,,,,,,,,,,,,,,,,,,,,,
,,,,,,,,,,,,,,,,,,,,,,,,,,,,
,,,,,,,,,,,,,,,,,,,,,,,,,,,,
,,,,,,,,,,,,,,,,,,,,,,,,,,,,
,,,,,,,,,,,,,,,,,,,,,,,,,,,,
,,,,,,,,,,,,,,,,,,,,,,,,,,,,
,,,,,,,,,,,,,,,,,,,,,,,,,,,,
,,,,,,,,,,,,,,,,,,,,,,,,,,,,
,,,,,,,,,,,,,,,,,,,,,,,,,,,,
,,,,,,,,,,,,,,,,,,,,,,,,,,,,
,,,,,,,,,,,,,,,,,,,,,,,,,,,,
,,,,,,,,,,,,,,,,,,,,,,,,,,,,
,,,,,,,,,,,,,,,,,,,,,,,,,,,,
,,,,,,,,,,,,,,,,,,,,,,,,,,,,
,,,,,,,,,,,,,,,,,,,,,,,,,,,,
,,,,,,,,,,,,,,,,,,,,,,,,,,,,
,,,,,,,,,,,,,,,,,,,,,,,,,,,,
,,,,,,,,,,,,,,,,,,,,,,,,,,,,
,,,,,,,,,,,,,,,,,,,,,,,,,,,,
,,,,,,,,,,,,,,,,,,,,,,,,,,,,
,,,,,,,,,,,,,,,,,,,,,,,,,,,,
,,,,,,,,,,,,,,,,,,,,,,,,,,,,
,,,,,,,,,,,,,,,,,,,,,,,,,,,,
,,,,,,,,,,,,,,,,,,,,,,,,,,,,
,,,,,,,,,,,,,,,,,,,,,,,,,,,,
,,,,,,,,,,,,,,,,,,,,,,,,,,,,
,,,,,,,,,,,,,,,,,,,,,,,,,,,,
,,,,,,,,,,,,,,,,,,,,,,,,,,,,
,,,,,,,,,,,,,,,,,,,,,,,,,,,,
,,,,,,,,,,,,,,,,,,,,,,,,,,,,
,,,,,,,,,,,,,,,,,,,,,,,,,,,,
,,,,,,,,,,,,,,,,,,,,,,,,,,,,
,,,,,,,,,,,,,,,,,,,,,,,,,,,,
,,,,,,,,,,,,,,,,,,,,,,,,,,,,
,,,,,,,,,,,,,,,,,,,,,,,,,,,,
,,,,,,,,,,,,,,,,,,,,,,,,,,,,
,,,,,,,,,,,,,,,,,,,,,,,,,,,,
,,,,,,,,,,,,,,,,,,,,,,,,,,,,
,,,,,,,,,,,,,,,,,,,,,,,,,,,,
,,,,,,,,,,,,,,,,,,,,,,,,,,,,
,,,,,,,,,,,,,,,,,,,,,,,,,,,,
,,,,,,,,,,,,,,,,,,,,,,,,,,,,
,,,,,,,,,,,,,,,,,,,,,,,,,,,,
,,,,,,,,,,,,,,,,,,,,,,,,,,,,
,,,,,,,,,,,,,,,,,,,,,,,,,,,,
,,,,,,,,,,,,,,,,,,,,,,,,,,,,
,,,,,,,,,,,,,,,,,,,,,,,,,,,,
,,,,,,,,,,,,,,,,,,,,,,,,,,,,
,,,,,,,,,,,,,,,,,,,,,,,,,,,,
,,,,,,,,,,,,,,,,,,,,,,,,,,,,
,,,,,,,,,,,,,,,,,,,,,,,,,,,,
,,,,,,,,,,,,,,,,,,,,,,,,,,,,
,,,,,,,,,,,,,,,,,,,,,,,,,,,,
,,,,,,,,,,,,,,,,,,,,,,,,,,,,
,,,,,,,,,,,,,,,,,,,,,,,,,,,,
,,,,,,,,,,,,,,,,,,,,,,,,,,,,
,,,,,,,,,,,,,,,,,,,,,,,,,,,,
,,,,,,,,,,,,,,,,,,,,,,,,,,,,
,,,,,,,,,,,,,,,,,,,,,,,,,,,,
,,,,,,,,,,,,,,,,,,,,,,,,,,,,
,,,,,,,,,,,,,,,,,,,,,,,,,,,,
,,,,,,,,,,,,,,,,,,,,,,,,,,,,
,,,,,,,,,,,,,,,,,,,,,,,,,,,,
,,,,,,,,,,,,,,,,,,,,,,,,,,,,
,,,,,,,,,,,,,,,,,,,,,,,,,,,,
,,,,,,,,,,,,,,,,,,,,,,,,,,,,
,,,,,,,,,,,,,,,,,,,,,,,,,,,,
,,,,,,,,,,,,,,,,,,,,,,,,,,,,
,,,,,,,,,,,,,,,,,,,,,,,,,,,,
,,,,,,,,,,,,,,,,,,,,,,,,,,,,
,,,,,,,,,,,,,,,,,,,,,,,,,,,,
,,,,,,,,,,,,,,,,,,,,,,,,,,,,
,,,,,,,,,,,,,,,,,,,,,,,,,,,,
,,,,,,,,,,,,,,,,,,,,,,,,,,,,
,,,,,,,,,,,,,,,,,,,,,,,,,,,,
,,,,,,,,,,,,,,,,,,,,,,,,,,,,
,,,,,,,,,,,,,,,,,,,,,,,,,,,,
,,,,,,,,,,,,,,,,,,,,,,,,,,,,
,,,,,,,,,,,,,,,,,,,,,,,,,,,,
,,,,,,,,,,,,,,,,,,,,,,,,,,,,
,,,,,,,,,,,,,,,,,,,,,,,,,,,,
,,,,,,,,,,,,,,,,,,,,,,,,,,,,
,,,,,,,,,,,,,,,,,,,,,,,,,,,,
,,,,,,,,,,,,,,,,,,,,,,,,,,,,
,,,,,,,,,,,,,,,,,,,,,,,,,,,,
,,,,,,,,,,,,,,,,,,,,,,,,,,,,
,,,,,,,,,,,,,,,,,,,,,,,,,,,,
,,,,,,,,,,,,,,,,,,,,,,,,,,,,
,,,,,,,,,,,,,,,,,,,,,,,,,,,,
,,,,,,,,,,,,,,,,,,,,,,,,,,,,
,,,,,,,,,,,,,,,,,,,,,,,,,,,,
,,,,,,,,,,,,,,,,,,,,,,,,,,,,
,,,,,,,,,,,,,,,,,,,,,,,,,,,,
,,,,,,,,,,,,,,,,,,,,,,,,,,,,
,,,,,,,,,,,,,,,,,,,,,,,,,,,,
,,,,,,,,,,,,,,,,,,,,,,,,,,,,
,,,,,,,,,,,,,,,,,,,,,,,,,,,,
,,,,,,,,,,,,,,,,,,,,,,,,,,,,
,,,,,,,,,,,,,,,,,,,,,,,,,,,,
,,,,,,,,,,,,,,,,,,,,,,,,,,,,
,,,,,,,,,,,,,,,,,,,,,,,,,,,,
,,,,,,,,,,,,,,,,,,,,,,,,,,,,
,,,,,,,,,,,,,,,,,,,,,,,,,,,,
,,,,,,,,,,,,,,,,,,,,,,,,,,,,
,,,,,,,,,,,,,,,,,,,,,,,,,,,,
,,,,,,,,,,,,,,,,,,,,,,,,,,,,
,,,,,,,,,,,,,,,,,,,,,,,,,,,,
,,,,,,,,,,,,,,,,,,,,,,,,,,,,
,,,,,,,,,,,,,,,,,,,,,,,,,,,,
,,,,,,,,,,,,,,,,,,,,,,,,,,,,
,,,,,,,,,,,,,,,,,,,,,,,,,,,,
,,,,,,,,,,,,,,,,,,,,,,,,,,,,
,,,,,,,,,,,,,,,,,,,,,,,,,,,,
,,,,,,,,,,,,,,,,,,,,,,,,,,,,
,,,,,,,,,,,,,,,,,,,,,,,,,,,,
,,,,,,,,,,,,,,,,,,,,,,,,,,,,
,,,,,,,,,,,,,,,,,,,,,,,,,,,,
,,,,,,,,,,,,,,,,,,,,,,,,,,,,
,,,,,,,,,,,,,,,,,,,,,,,,,,,,
,,,,,,,,,,,,,,,,,,,,,,,,,,,,
,,,,,,,,,,,,,,,,,,,,,,,,,,,,
,,,,,,,,,,,,,,,,,,,,,,,,,,,,
,,,,,,,,,,,,,,,,,,,,,,,,,,,,
,,,,,,,,,,,,,,,,,,,,,,,,,,,,
,,,,,,,,,,,,,,,,,,,,,,,,,,,,
,,,,,,,,,,,,,,,,,,,,,,,,,,,,
,,,,,,,,,,,,,,,,,,,,,,,,,,,,
,,,,,,,,,,,,,,,,,,,,,,,,,,,,
,,,,,,,,,,,,,,,,,,,,,,,,,,,,
,,,,,,,,,,,,,,,,,,,,,,,,,,,,
,,,,,,,,,,,,,,,,,,,,,,,,,,,,
,,,,,,,,,,,,,,,,,,,,,,,,,,,,
,,,,,,,,,,,,,,,,,,,,,,,,,,,,
,,,,,,,,,,,,,,,,,,,,,,,,,,,,
,,,,,,,,,,,,,,,,,,,,,,,,,,,,
,,,,,,,,,,,,,,,,,,,,,,,,,,,,
,,,,,,,,,,,,,,,,,,,,,,,,,,,,
,,,,,,,,,,,,,,,,,,,,,,,,,,,,
,,,,,,,,,,,,,,,,,,,,,,,,,,,,
,,,,,,,,,,,,,,,,,,,,,,,,,,,,
,,,,,,,,,,,,,,,,,,,,,,,,,,,,
,,,,,,,,,,,,,,,,,,,,,,,,,,,,
,,,,,,,,,,,,,,,,,,,,,,,,,,,,
,,,,,,,,,,,,,,,,,,,,,,,,,,,,
,,,,,,,,,,,,,,,,,,,,,,,,,,,,
,,,,,,,,,,,,,,,,,,,,,,,,,,,,
,,,,,,,,,,,,,,,,,,,,,,,,,,,,
,,,,,,,,,,,,,,,,,,,,,,,,,,,,
,,,,,,,,,,,,,,,,,,,,,,,,,,,,
,,,,,,,,,,,,,,,,,,,,,,,,,,,,
,,,,,,,,,,,,,,,,,,,,,,,,,,,,
,,,,,,,,,,,,,,,,,,,,,,,,,,,,
,,,,,,,,,,,,,,,,,,,,,,,,,,,,
,,,,,,,,,,,,,,,,,,,,,,,,,,,,
,,,,,,,,,,,,,,,,,,,,,,,,,,,,
,,,,,,,,,,,,,,,,,,,,,,,,,,,,
,,,,,,,,,,,,,,,,,,,,,,,,,,,,
,,,,,,,,,,,,,,,,,,,,,,,,,,,,
,,,,,,,,,,,,,,,,,,,,,,,,,,,,
,,,,,,,,,,,,,,,,,,,,,,,,,,,,
,,,,,,,,,,,,,,,,,,,,,,,,,,,,
,,,,,,,,,,,,,,,,,,,,,,,,,,,,
,,,,,,,,,,,,,,,,,,,,,,,,,,,,
,,,,,,,,,,,,,,,,,,,,,,,,,,,,
,,,,,,,,,,,,,,,,,,,,,,,,,,,,
,,,,,,,,,,,,,,,,,,,,,,,,,,,,
,,,,,,,,,,,,,,,,,,,,,,,,,,,,
,,,,,,,,,,,,,,,,,,,,,,,,,,,,
,,,,,,,,,,,,,,,,,,,,,,,,,,,,
,,,,,,,,,,,,,,,,,,,,,,,,,,,,
,,,,,,,,,,,,,,,,,,,,,,,,,,,,
,,,,,,,,,,,,,,,,,,,,,,,,,,,,
,,,,,,,,,,,,,,,,,,,,,,,,,,,,
,,,,,,,,,,,,,,,,,,,,,,,,,,,,
,,,,,,,,,,,,,,,,,,,,,,,,,,,,
,,,,,,,,,,,,,,,,,,,,,,,,,,,,
,,,,,,,,,,,,,,,,,,,,,,,,,,,,
,,,,,,,,,,,,,,,,,,,,,,,,,,,,
,,,,,,,,,,,,,,,,,,,,,,,,,,,,
,,,,,,,,,,,,,,,,,,,,,,,,,,,,
,,,,,,,,,,,,,,,,,,,,,,,,,,,,
,,,,,,,,,,,,,,,,,,,,,,,,,,,,
,,,,,,,,,,,,,,,,,,,,,,,,,,,,
,,,,,,,,,,,,,,,,,,,,,,,,,,,,
,,,,,,,,,,,,,,,,,,,,,,,,,,,,
,,,,,,,,,,,,,,,,,,,,,,,,,,,,
,,,,,,,,,,,,,,,,,,,,,,,,,,,,
,,,,,,,,,,,,,,,,,,,,,,,,,,,,
,,,,,,,,,,,,,,,,,,,,,,,,,,,,
,,,,,,,,,,,,,,,,,,,,,,,,,,,,
,,,,,,,,,,,,,,,,,,,,,,,,,,,,
,,,,,,,,,,,,,,,,,,,,,,,,,,,,
,,,,,,,,,,,,,,,,,,,,,,,,,,,,
,,,,,,,,,,,,,,,,,,,,,,,,,,,,
,,,,,,,,,,,,,,,,,,,,,,,,,,,,
,,,,,,,,,,,,,,,,,,,,,,,,,,,,
,,,,,,,,,,,,,,,,,,,,,,,,,,,,
,,,,,,,,,,,,,,,,,,,,,,,,,,,,
,,,,,,,,,,,,,,,,,,,,,,,,,,,,
,,,,,,,,,,,,,,,,,,,,,,,,,,,,
,,,,,,,,,,,,,,,,,,,,,,,,,,,,
,,,,,,,,,,,,,,,,,,,,,,,,,,,,
,,,,,,,,,,,,,,,,,,,,,,,,,,,,
,,,,,,,,,,,,,,,,,,,,,,,,,,,,
,,,,,,,,,,,,,,,,,,,,,,,,,,,,
,,,,,,,,,,,,,,,,,,,,,,,,,,,,
,,,,,,,,,,,,,,,,,,,,,,,,,,,,
,,,,,,,,,,,,,,,,,,,,,,,,,,,,
,,,,,,,,,,,,,,,,,,,,,,,,,,,,
,,,,,,,,,,,,,,,,,,,,,,,,,,,,
,,,,,,,,,,,,,,,,,,,,,,,,,,,,
,,,,,,,,,,,,,,,,,,,,,,,,,,,,
,,,,,,,,,,,,,,,,,,,,,,,,,,,,
,,,,,,,,,,,,,,,,,,,,,,,,,,,,
,,,,,,,,,,,,,,,,,,,,,,,,,,,,
,,,,,,,,,,,,,,,,,,,,,,,,,,,,
,,,,,,,,,,,,,,,,,,,,,,,,,,,,
,,,,,,,,,,,,,,,,,,,,,,,,,,,,
,,,,,,,,,,,,,,,,,,,,,,,,,,,,
,,,,,,,,,,,,,,,,,,,,,,,,,,,,
,,,,,,,,,,,,,,,,,,,,,,,,,,,,
,,,,,,,,,,,,,,,,,,,,,,,,,,,,
,,,,,,,,,,,,,,,,,,,,,,,,,,,,
,,,,,,,,,,,,,,,,,,,,,,,,,,,,
,,,,,,,,,,,,,,,,,,,,,,,,,,,,
,,,,,,,,,,,,,,,,,,,,,,,,,,,,
,,,,,,,,,,,,,,,,,,,,,,,,,,,,
,,,,,,,,,,,,,,,,,,,,,,,,,,,,
,,,,,,,,,,,,,,,,,,,,,,,,,,,,
,,,,,,,,,,,,,,,,,,,,,,,,,,,,
,,,,,,,,,,,,,,,,,,,,,,,,,,,,
,,,,,,,,,,,,,,,,,,,,,,,,,,,,
,,,,,,,,,,,,,,,,,,,,,,,,,,,,
,,,,,,,,,,,,,,,,,,,,,,,,,,,,
,,,,,,,,,,,,,,,,,,,,,,,,,,,,
,,,,,,,,,,,,,,,,,,,,,,,,,,,,
,,,,,,,,,,,,,,,,,,,,,,,,,,,,
,,,,,,,,,,,,,,,,,,,,,,,,,,,,
,,,,,,,,,,,,,,,,,,,,,,,,,,,,
,,,,,,,,,,,,,,,,,,,,,,,,,,,,
,,,,,,,,,,,,,,,,,,,,,,,,,,,,
,,,,,,,,,,,,,,,,,,,,,,,,,,,,
,,,,,,,,,,,,,,,,,,,,,,,,,,,,
,,,,,,,,,,,,,,,,,,,,,,,,,,,,
,,,,,,,,,,,,,,,,,,,,,,,,,,,,
,,,,,,,,,,,,,,,,,,,,,,,,,,,,
,,,,,,,,,,,,,,,,,,,,,,,,,,,,
,,,,,,,,,,,,,,,,,,,,,,,,,,,,
,,,,,,,,,,,,,,,,,,,,,,,,,,,,
,,,,,,,,,,,,,,,,,,,,,,,,,,,,
,,,,,,,,,,,,,,,,,,,,,,,,,,,,
,,,,,,,,,,,,,,,,,,,,,,,,,,,,
,,,,,,,,,,,,,,,,,,,,,,,,,,,,
,,,,,,,,,,,,,,,,,,,,,,,,,,,,
,,,,,,,,,,,,,,,,,,,,,,,,,,,,
,,,,,,,,,,,,,,,,,,,,,,,,,,,,
,,,,,,,,,,,,,,,,,,,,,,,,,,,,
,,,,,,,,,,,,,,,,,,,,,,,,,,,,
,,,,,,,,,,,,,,,,,,,,,,,,,,,,
,,,,,,,,,,,,,,,,,,,,,,,,,,,,
,,,,,,,,,,,,,,,,,,,,,,,,,,,,
,,,,,,,,,,,,,,,,,,,,,,,,,,,,
,,,,,,,,,,,,,,,,,,,,,,,,,,,,
,,,,,,,,,,,,,,,,,,,,,,,,,,,,
,,,,,,,,,,,,,,,,,,,,,,,,,,,,
,,,,,,,,,,,,,,,,,,,,,,,,,,,,
,,,,,,,,,,,,,,,,,,,,,,,,,,,,
,,,,,,,,,,,,,,,,,,,,,,,,,,,,
,,,,,,,,,,,,,,,,,,,,,,,,,,,,
,,,,,,,,,,,,,,,,,,,,,,,,,,,,
,,,,,,,,,,,,,,,,,,,,,,,,,,,,
,,,,,,,,,,,,,,,,,,,,,,,,,,,,
,,,,,,,,,,,,,,,,,,,,,,,,,,,,
,,,,,,,,,,,,,,,,,,,,,,,,,,,,
,,,,,,,,,,,,,,,,,,,,,,,,,,,,
,,,,,,,,,,,,,,,,,,,,,,,,,,,,
,,,,,,,,,,,,,,,,,,,,,,,,,,,,
,,,,,,,,,,,,,,,,,,,,,,,,,,,,
,,,,,,,,,,,,,,,,,,,,,,,,,,,,
,,,,,,,,,,,,,,,,,,,,,,,,,,,,
,,,,,,,,,,,,,,,,,,,,,,,,,,,,
,,,,,,,,,,,,,,,,,,,,,,,,,,,,
,,,,,,,,,,,,,,,,,,,,,,,,,,,,
,,,,,,,,,,,,,,,,,,,,,,,,,,,,
,,,,,,,,,,,,,,,,,,,,,,,,,,,,
,,,,,,,,,,,,,,,,,,,,,,,,,,,,
,,,,,,,,,,,,,,,,,,,,,,,,,,,,
,,,,,,,,,,,,,,,,,,,,,,,,,,,,
,,,,,,,,,,,,,,,,,,,,,,,,,,,,
,,,,,,,,,,,,,,,,,,,,,,,,,,,,
,,,,,,,,,,,,,,,,,,,,,,,,,,,,
,,,,,,,,,,,,,,,,,,,,,,,,,,,,
,,,,,,,,,,,,,,,,,,,,,,,,,,,,
,,,,,,,,,,,,,,,,,,,,,,,,,,,,
,,,,,,,,,,,,,,,,,,,,,,,,,,,,
,,,,,,,,,,,,,,,,,,,,,,,,,,,,
,,,,,,,,,,,,,,,,,,,,,,,,,,,,
,,,,,,,,,,,,,,,,,,,,,,,,,,,,
,,,,,,,,,,,,,,,,,,,,,,,,,,,,
,,,,,,,,,,,,,,,,,,,,,,,,,,,,
,,,,,,,,,,,,,,,,,,,,,,,,,,,,
,,,,,,,,,,,,,,,,,,,,,,,,,,,,
,,,,,,,,,,,,,,,,,,,,,,,,,,,,
,,,,,,,,,,,,,,,,,,,,,,,,,,,,
,,,,,,,,,,,,,,,,,,,,,,,,,,,,
,,,,,,,,,,,,,,,,,,,,,,,,,,,,
,,,,,,,,,,,,,,,,,,,,,,,,,,,,
,,,,,,,,,,,,,,,,,,,,,,,,,,,,
,,,,,,,,,,,,,,,,,,,,,,,,,,,,
,,,,,,,,,,,,,,,,,,,,,,,,,,,,
,,,,,,,,,,,,,,,,,,,,,,,,,,,,
,,,,,,,,,,,,,,,,,,,,,,,,,,,,
,,,,,,,,,,,,,,,,,,,,,,,,,,,,
,,,,,,,,,,,,,,,,,,,,,,,,,,,,
,,,,,,,,,,,,,,,,,,,,,,,,,,,,
,,,,,,,,,,,,,,,,,,,,,,,,,,,,
,,,,,,,,,,,,,,,,,,,,,,,,,,,,
,,,,,,,,,,,,,,,,,,,,,,,,,,,,
,,,,,,,,,,,,,,,,,,,,,,,,,,,,
,,,,,,,,,,,,,,,,,,,,,,,,,,,,
,,,,,,,,,,,,,,,,,,,,,,,,,,,,
,,,,,,,,,,,,,,,,,,,,,,,,,,,,
,,,,,,,,,,,,,,,,,,,,,,,,,,,,
,,,,,,,,,,,,,,,,,,,,,,,,,,,,
,,,,,,,,,,,,,,,,,,,,,,,,,,,,
,,,,,,,,,,,,,,,,,,,,,,,,,,,,
,,,,,,,,,,,,,,,,,,,,,,,,,,,,
,,,,,,,,,,,,,,,,,,,,,,,,,,,,
,,,,,,,,,,,,,,,,,,,,,,,,,,,,
,,,,,,,,,,,,,,,,,,,,,,,,,,,,
,,,,,,,,,,,,,,,,,,,,,,,,,,,,
,,,,,,,,,,,,,,,,,,,,,,,,,,,,
,,,,,,,,,,,,,,,,,,,,,,,,,,,,
,,,,,,,,,,,,,,,,,,,,,,,,,,,,
,,,,,,,,,,,,,,,,,,,,,,,,,,,,
,,,,,,,,,,,,,,,,,,,,,,,,,,,,
,,,,,,,,,,,,,,,,,,,,,,,,,,,,
,,,,,,,,,,,,,,,,,,,,,,,,,,,,
,,,,,,,,,,,,,,,,,,,,,,,,,,,,
,,,,,,,,,,,,,,,,,,,,,,,,,,,,
,,,,,,,,,,,,,,,,,,,,,,,,,,,,
,,,,,,,,,,,,,,,,,,,,,,,,,,,,
,,,,,,,,,,,,,,,,,,,,,,,,,,,,
,,,,,,,,,,,,,,,,,,,,,,,,,,,,
,,,,,,,,,,,,,,,,,,,,,,,,,,,,
,,,,,,,,,,,,,,,,,,,,,,,,,,,,
,,,,,,,,,,,,,,,,,,,,,,,,,,,,
,,,,,,,,,,,,,,,,,,,,,,,,,,,,
,,,,,,,,,,,,,,,,,,,,,,,,,,,,
,,,,,,,,,,,,,,,,,,,,,,,,,,,,
,,,,,,,,,,,,,,,,,,,,,,,,,,,,
,,,,,,,,,,,,,,,,,,,,,,,,,,,,
,,,,,,,,,,,,,,,,,,,,,,,,,,,,
,,,,,,,,,,,,,,,,,,,,,,,,,,,,
,,,,,,,,,,,,,,,,,,,,,,,,,,,,
,,,,,,,,,,,,,,,,,,,,,,,,,,,,
,,,,,,,,,,,,,,,,,,,,,,,,,,,,
,,,,,,,,,,,,,,,,,,,,,,,,,,,,
,,,,,,,,,,,,,,,,,,,,,,,,,,,,
,,,,,,,,,,,,,,,,,,,,,,,,,,,,
,,,,,,,,,,,,,,,,,,,,,,,,,,,,
,,,,,,,,,,,,,,,,,,,,,,,,,,,,
,,,,,,,,,,,,,,,,,,,,,,,,,,,,
,,,,,,,,,,,,,,,,,,,,,,,,,,,,
,,,,,,,,,,,,,,,,,,,,,,,,,,,,
,,,,,,,,,,,,,,,,,,,,,,,,,,,,
,,,,,,,,,,,,,,,,,,,,,,,,,,,,
,,,,,,,,,,,,,,,,,,,,,,,,,,,,
,,,,,,,,,,,,,,,,,,,,,,,,,,,,
,,,,,,,,,,,,,,,,,,,,,,,,,,,,
,,,,,,,,,,,,,,,,,,,,,,,,,,,,
,,,,,,,,,,,,,,,,,,,,,,,,,,,,
,,,,,,,,,,,,,,,,,,,,,,,,,,,,
,,,,,,,,,,,,,,,,,,,,,,,,,,,,
,,,,,,,,,,,,,,,,,,,,,,,,,,,,
,,,,,,,,,,,,,,,,,,,,,,,,,,,,
,,,,,,,,,,,,,,,,,,,,,,,,,,,,
,,,,,,,,,,,,,,,,,,,,,,,,,,,,
,,,,,,,,,,,,,,,,,,,,,,,,,,,,
,,,,,,,,,,,,,,,,,,,,,,,,,,,,
,,,,,,,,,,,,,,,,,,,,,,,,,,,,
,,,,,,,,,,,,,,,,,,,,,,,,,,,,
,,,,,,,,,,,,,,,,,,,,,,,,,,,,
,,,,,,,,,,,,,,,,,,,,,,,,,,,,
,,,,,,,,,,,,,,,,,,,,,,,,,,,,
,,,,,,,,,,,,,,,,,,,,,,,,,,,,
,,,,,,,,,,,,,,,,,,,,,,,,,,,,
,,,,,,,,,,,,,,,,,,,,,,,,,,,,
,,,,,,,,,,,,,,,,,,,,,,,,,,,,
,,,,,,,,,,,,,,,,,,,,,,,,,,,,
,,,,,,,,,,,,,,,,,,,,,,,,,,,,
,,,,,,,,,,,,,,,,,,,,,,,,,,,,
,,,,,,,,,,,,,,,,,,,,,,,,,,,,
,,,,,,,,,,,,,,,,,,,,,,,,,,,,
,,,,,,,,,,,,,,,,,,,,,,,,,,,,
,,,,,,,,,,,,,,,,,,,,,,,,,,,,
,,,,,,,,,,,,,,,,,,,,,,,,,,,,
,,,,,,,,,,,,,,,,,,,,,,,,,,,,
,,,,,,,,,,,,,,,,,,,,,,,,,,,,
,,,,,,,,,,,,,,,,,,,,,,,,,,,,
,,,,,,,,,,,,,,,,,,,,,,,,,,,,
,,,,,,,,,,,,,,,,,,,,,,,,,,,,
,,,,,,,,,,,,,,,,,,,,,,,,,,,,
,,,,,,,,,,,,,,,,,,,,,,,,,,,,
,,,,,,,,,,,,,,,,,,,,,,,,,,,,
,,,,,,,,,,,,,,,,,,,,,,,,,,,,
,,,,,,,,,,,,,,,,,,,,,,,,,,,,
,,,,,,,,,,,,,,,,,,,,,,,,,,,,
,,,,,,,,,,,,,,,,,,,,,,,,,,,,
,,,,,,,,,,,,,,,,,,,,,,,,,,,,
,,,,,,,,,,,,,,,,,,,,,,,,,,,,
